id,user_id,logged_at,used_5h,limit_5h,used_7d,limit_7d,created_at
"5ac1f831-cd9f-4e6e-a834-bcc31668b8fd","b07c5edf-5ca8-412f-a38c-1f9ec579b6da","2026-02-13T04:39:47+00:00","0","100","4","100","2026-02-19T16:15:19.012277+00:00"
"14ff0034-b3d5-4775-a3da-4f8c7f02e721","b07c5edf-5ca8-412f-a38c-1f9ec579b6da","2026-02-13T04:42:58+00:00","1","100","4","100","2026-02-19T16:15:19.012277+00:00"
"e08eb720-c0db-4073-823b-ce4aeb763484","b07c5edf-5ca8-412f-a38c-1f9ec579b6da","2026-02-13T05:03:45+00:00","2","100","4","100","2026-02-19T16:15:19.012277+00:00"
"bd3677c7-4fda-4ffc-a5c9-ce53a845415d","b07c5edf-5ca8-412f-a38c-1f9ec579b6da","2026-02-13T07:07:00+00:00","2","100","5","100","2026-02-19T16:15:19.012277+00:00"
"dad229d2-7c26-4fa5-a820-9fca14482967","b07c5edf-5ca8-412f-a38c-1f9ec579b6da","2026-02-13T07:08:16+00:00","3","100","5","100","2026-02-19T16:15:19.012277+00:00"
"6f32f21f-2beb-48ce-acc1-f5789beb0653","b07c5edf-5ca8-412f-a38c-1f9ec579b6da","2026-02-13T09:36:55+00:00","0","100","5","100","2026-02-19T16:15:19.012277+00:00"
"bc13e715-6cba-4a51-874f-2f3b67d79565","b07c5edf-5ca8-412f-a38c-1f9ec579b6da","2026-02-13T12:24:36+00:00","1","100","5","100","2026-02-19T16:15:19.012277+00:00"
"60f365e8-b391-471b-836e-5d6666f95605","b07c5edf-5ca8-412f-a38c-1f9ec579b6da","2026-02-14T02:07:34+00:00","0","100","5","100","2026-02-19T16:15:19.012277+00:00"
"994b4547-8d4a-4c44-92c6-1e8dd60684e0","b07c5edf-5ca8-412f-a38c-1f9ec579b6da","2026-02-14T02:36:26+00:00","1","100","5","100","2026-02-19T16:15:19.012277+00:00"
"2691b871-0a38-4903-ac1d-644f96b8d130","b07c5edf-5ca8-412f-a38c-1f9ec579b6da","2026-02-14T05:02:09+00:00","1","100","6","100","2026-02-19T16:15:19.012277+00:00"
"17c09988-aed2-4e60-b115-bde11fa4326a","b07c5edf-5ca8-412f-a38c-1f9ec579b6da","2026-02-14T14:40:14+00:00","4","100","9","100","2026-02-19T16:15:19.012277+00:00"
"d4abfac8-8d6e-49cf-8b36-6293b0810471","b07c5edf-5ca8-412f-a38c-1f9ec579b6da","2026-02-14T14:43:08+00:00","4","100","10","100","2026-02-19T16:15:19.012277+00:00"
"a2895549-e787-4258-903b-47fe95e7d94d","b07c5edf-5ca8-412f-a38c-1f9ec579b6da","2026-02-14T15:16:58+00:00","5","100","10","100","2026-02-19T16:15:19.012277+00:00"
"a91681a8-a9ab-4be3-857b-5e4f9660b304","b07c5edf-5ca8-412f-a38c-1f9ec579b6da","2026-02-14T15:51:48+00:00","6","100","10","100","2026-02-19T16:15:19.012277+00:00"
"be31ce35-7b64-4603-88d6-d4eabb612914","b07c5edf-5ca8-412f-a38c-1f9ec579b6da","2026-02-15T01:30:48+00:00","7","100","12","100","2026-02-19T16:15:19.012277+00:00"
"89585cfc-d11d-4c0f-8954-8542608210e0","b07c5edf-5ca8-412f-a38c-1f9ec579b6da","2026-02-15T01:49:45+00:00","8","100","12","100","2026-02-19T16:15:19.012277+00:00"
"352f70c5-ec91-4760-8f34-80d3d571ae4c","b07c5edf-5ca8-412f-a38c-1f9ec579b6da","2026-02-15T02:22:38+00:00","8","100","13","100","2026-02-19T16:15:19.012277+00:00"
"44e3277f-4a46-4ee1-b029-9b935c8b5b5e","b07c5edf-5ca8-412f-a38c-1f9ec579b6da","2026-02-15T02:26:18+00:00","9","100","13","100","2026-02-19T16:15:19.012277+00:00"
"d5815aed-cac1-44ba-9a0f-6d724452ba8e","b07c5edf-5ca8-412f-a38c-1f9ec579b6da","2026-02-15T02:51:37+00:00","10","100","13","100","2026-02-19T16:15:19.012277+00:00"
"52357534-4dc1-4c14-8d8f-e94bb762b770","b07c5edf-5ca8-412f-a38c-1f9ec579b6da","2026-02-15T03:00:17+00:00","11","100","13","100","2026-02-19T16:15:19.012277+00:00"
"26f15844-3eb9-412f-9d52-edb426b74624","b07c5edf-5ca8-412f-a38c-1f9ec579b6da","2026-02-15T03:32:59+00:00","12","100","13","100","2026-02-19T16:15:19.012277+00:00"
"0d5ab0bc-85ce-493b-9c62-19f4ff4b2e2e","b07c5edf-5ca8-412f-a38c-1f9ec579b6da","2026-02-15T03:33:31+00:00","12","100","14","100","2026-02-19T16:15:19.012277+00:00"
"51f65351-27d9-4538-bf8d-a1f9152cac7c","b07c5edf-5ca8-412f-a38c-1f9ec579b6da","2026-02-15T03:53:27+00:00","13","100","14","100","2026-02-19T16:15:19.012277+00:00"
"a171f51e-5819-47d4-962e-084c43569278","b07c5edf-5ca8-412f-a38c-1f9ec579b6da","2026-02-15T04:04:42+00:00","14","100","14","100","2026-02-19T16:15:19.012277+00:00"
"31331de9-b180-4b88-a16b-1febccccd68a","b07c5edf-5ca8-412f-a38c-1f9ec579b6da","2026-02-15T04:13:29+00:00","15","100","14","100","2026-02-19T16:15:19.012277+00:00"
"3cebf325-35fe-4b50-b586-d544eee7d553","b07c5edf-5ca8-412f-a38c-1f9ec579b6da","2026-02-15T04:37:52+00:00","0","100","15","100","2026-02-19T16:15:19.012277+00:00"
"88b3d62a-8483-4b08-b641-98eafae52b96","b07c5edf-5ca8-412f-a38c-1f9ec579b6da","2026-02-15T04:58:18+00:00","1","100","15","100","2026-02-19T16:15:19.012277+00:00"
"13e0a6e7-3525-4eb8-b235-acf2995d158e","b07c5edf-5ca8-412f-a38c-1f9ec579b6da","2026-02-15T05:12:07+00:00","2","100","15","100","2026-02-19T16:15:19.012277+00:00"
"410dd105-7072-48bb-821e-4669cef173b0","b07c5edf-5ca8-412f-a38c-1f9ec579b6da","2026-02-15T05:35:30+00:00","3","100","15","100","2026-02-19T16:15:19.012277+00:00"
"81241114-0198-4499-bf55-326775b2caaa","b07c5edf-5ca8-412f-a38c-1f9ec579b6da","2026-02-15T05:43:20+00:00","3","100","16","100","2026-02-19T16:15:19.012277+00:00"
"20369c44-4115-4fb3-8269-f14164dfc8d6","b07c5edf-5ca8-412f-a38c-1f9ec579b6da","2026-02-15T05:53:11+00:00","4","100","16","100","2026-02-19T16:15:19.012277+00:00"
"457ecd62-64cf-4feb-8c74-66f5860ec815","b07c5edf-5ca8-412f-a38c-1f9ec579b6da","2026-02-15T05:58:19+00:00","4","100","16","100","2026-02-19T16:03:24.760111+00:00"
"576aa2d6-523d-4c32-ab8b-74c8c98f0193","b07c5edf-5ca8-412f-a38c-1f9ec579b6da","2026-02-15T06:09:49+00:00","5","100","16","100","2026-02-19T16:15:19.012277+00:00"
"5250b49a-9ec6-4f0a-b5f2-c4a4e12595ad","b07c5edf-5ca8-412f-a38c-1f9ec579b6da","2026-02-15T06:28:23+00:00","6","100","16","100","2026-02-19T16:15:19.012277+00:00"
"fcdb6434-357a-4006-b96e-620e8e967954","b07c5edf-5ca8-412f-a38c-1f9ec579b6da","2026-02-15T06:29:54+00:00","6","100","16","100","2026-02-19T16:03:24.760111+00:00"
"3d6484dd-736e-4c11-b9e0-d326f04b4f43","b07c5edf-5ca8-412f-a38c-1f9ec579b6da","2026-02-15T08:37:29+00:00","8","100","17","100","2026-02-19T16:15:19.012277+00:00"
"b6244875-0807-44dd-b365-bb2c1dfa36d5","b07c5edf-5ca8-412f-a38c-1f9ec579b6da","2026-02-15T08:44:00+00:00","9","100","17","100","2026-02-19T16:15:19.012277+00:00"
"4a68e033-56be-462b-82e3-571188b6a0bd","b07c5edf-5ca8-412f-a38c-1f9ec579b6da","2026-02-15T09:05:31+00:00","10","100","18","100","2026-02-19T16:15:19.012277+00:00"
"08d72567-dccc-4aed-b467-b294219ec9f9","b07c5edf-5ca8-412f-a38c-1f9ec579b6da","2026-02-16T07:37:13+00:00","1","100","21","100","2026-02-19T16:15:19.012277+00:00"
"8781808b-6617-407f-8b2c-8b63bc2bb0d9","b07c5edf-5ca8-412f-a38c-1f9ec579b6da","2026-02-17T04:02:22+00:00","3","100","23","100","2026-02-19T16:15:19.012277+00:00"
"5af14ec1-e6a1-43f1-9873-bf83840bd418","b07c5edf-5ca8-412f-a38c-1f9ec579b6da","2026-02-17T04:08:11+00:00","4","100","23","100","2026-02-19T16:15:19.012277+00:00"
"bb753fde-ec62-45ea-a546-8b52e272d793","b07c5edf-5ca8-412f-a38c-1f9ec579b6da","2026-02-17T04:12:04+00:00","4","100","23","100","2026-02-19T15:58:25.204286+00:00"
"0fb1ea05-ab4e-4f47-9fae-c58976a245b5","b07c5edf-5ca8-412f-a38c-1f9ec579b6da","2026-02-17T04:32:32+00:00","5","100","23","100","2026-02-19T16:15:19.012277+00:00"
"b41a503e-1818-47c3-b2e9-2d1dc1354867","b07c5edf-5ca8-412f-a38c-1f9ec579b6da","2026-02-17T04:50:01+00:00","5","100","24","100","2026-02-19T16:15:19.012277+00:00"
"85e8d289-b09b-40cd-bfd4-86e89fc07ed2","b07c5edf-5ca8-412f-a38c-1f9ec579b6da","2026-02-17T05:02:25+00:00","0","100","24","100","2026-02-19T16:15:19.012277+00:00"
"988782e1-64b6-45d0-8da7-d597ce59157a","b07c5edf-5ca8-412f-a38c-1f9ec579b6da","2026-02-17T05:22:13+00:00","1","100","24","100","2026-02-19T16:15:19.012277+00:00"
"ff3e2597-7370-4ce2-b083-0501f3861953","b07c5edf-5ca8-412f-a38c-1f9ec579b6da","2026-02-17T05:23:27+00:00","1","100","24","100","2026-02-19T15:58:25.204286+00:00"
"1dea633e-ea32-4f21-bd52-1c548b73e515","b07c5edf-5ca8-412f-a38c-1f9ec579b6da","2026-02-17T10:54:43+00:00","0","100","24","100","2026-02-19T16:15:19.012277+00:00"
"29e533f9-a8c3-44a8-b559-19cddc66e8c4","b07c5edf-5ca8-412f-a38c-1f9ec579b6da","2026-02-17T10:54:52+00:00","0","100","24","100","2026-02-19T15:58:25.204286+00:00"
"959aecbd-ec27-4475-bc44-bf1349b11d86","b07c5edf-5ca8-412f-a38c-1f9ec579b6da","2026-02-17T13:58:57+00:00","0","100","25","100","2026-02-19T16:15:19.012277+00:00"
"dd32fb9e-a78c-4318-8991-2a318e762df2","b07c5edf-5ca8-412f-a38c-1f9ec579b6da","2026-02-17T13:59:24+00:00","1","100","25","100","2026-02-19T16:15:19.012277+00:00"
"9c1f3971-2b7a-48d3-a239-e52b71e73637","b07c5edf-5ca8-412f-a38c-1f9ec579b6da","2026-02-17T14:01:38+00:00","1","100","25","100","2026-02-19T15:58:25.204286+00:00"
"2edf19c9-d5b5-4b1d-ad9c-8c70b71d4701","b07c5edf-5ca8-412f-a38c-1f9ec579b6da","2026-02-17T14:17:49+00:00","1","100","0","100","2026-02-19T16:15:19.012277+00:00"
"5dee0d35-6534-4090-b7ac-9a7a3d195027","b07c5edf-5ca8-412f-a38c-1f9ec579b6da","2026-02-17T14:18:12+00:00","2","100","0","100","2026-02-19T16:15:19.012277+00:00"
"4732c1fe-e382-46f5-97f5-994118589313","b07c5edf-5ca8-412f-a38c-1f9ec579b6da","2026-02-17T14:21:58+00:00","2","100","0","100","2026-02-19T15:58:25.204286+00:00"
"d116a02b-4940-4393-b7f1-63fb10804c66","b07c5edf-5ca8-412f-a38c-1f9ec579b6da","2026-02-18T01:07:33+00:00","0","100","0","100","2026-02-19T16:15:19.012277+00:00"
"b9ee8ecd-3951-4db0-ad8e-b2c13524fbd8","b07c5edf-5ca8-412f-a38c-1f9ec579b6da","2026-02-18T01:07:54+00:00","0","100","0","100","2026-02-19T15:57:41.1725+00:00"
"7f8e93be-f203-4474-8053-e37499416158","b07c5edf-5ca8-412f-a38c-1f9ec579b6da","2026-02-18T01:22:45+00:00","1","100","0","100","2026-02-19T16:15:19.012277+00:00"
"2c5f8c77-282d-4adb-888f-53a57ff2357a","b07c5edf-5ca8-412f-a38c-1f9ec579b6da","2026-02-18T02:22:24+00:00","2","100","1","100","2026-02-19T16:15:19.012277+00:00"
"16dd24f0-e78b-4954-93bf-f75fc4c5db2a","b07c5edf-5ca8-412f-a38c-1f9ec579b6da","2026-02-18T02:28:52+00:00","3","100","1","100","2026-02-19T16:15:19.012277+00:00"
"b03a8e96-9283-421e-8141-0dc9e3067876","b07c5edf-5ca8-412f-a38c-1f9ec579b6da","2026-02-18T02:40:07+00:00","3","100","1","100","2026-02-19T15:57:41.1725+00:00"
"9823f384-9d1d-45a7-9c00-f7778045a602","b07c5edf-5ca8-412f-a38c-1f9ec579b6da","2026-02-18T02:55:55+00:00","4","100","1","100","2026-02-19T16:15:19.012277+00:00"
"e6d6bb75-ecde-431e-a107-4f2aa159c7cc","b07c5edf-5ca8-412f-a38c-1f9ec579b6da","2026-02-18T03:35:53+00:00","5","100","1","100","2026-02-19T16:15:19.012277+00:00"
"4e673be4-703e-4450-91b0-ccef534afa70","b07c5edf-5ca8-412f-a38c-1f9ec579b6da","2026-02-18T03:49:57+00:00","5","100","2","100","2026-02-19T16:15:19.012277+00:00"
"5a5ec191-05bc-469b-bd2d-8cb80d3b5ef8","b07c5edf-5ca8-412f-a38c-1f9ec579b6da","2026-02-18T03:57:45+00:00","5","100","2","100","2026-02-19T15:57:41.1725+00:00"
"84d5ac4c-d807-45b4-8eb6-363e13f21020","b07c5edf-5ca8-412f-a38c-1f9ec579b6da","2026-02-18T05:01:51+00:00","6","100","2","100","2026-02-19T16:15:19.012277+00:00"
"25195126-a58b-4671-a9fb-5ff325448872","b07c5edf-5ca8-412f-a38c-1f9ec579b6da","2026-02-18T15:10:59+00:00","0","100","5","100","2026-02-19T16:15:19.012277+00:00"
"7b9e58be-0851-46a0-8fc5-ab39f681ec30","b07c5edf-5ca8-412f-a38c-1f9ec579b6da","2026-02-18T15:11:20+00:00","0","100","5","100","2026-02-19T15:57:41.1725+00:00"
"642392d1-5149-4091-a74a-f6c51aa52a8c","b07c5edf-5ca8-412f-a38c-1f9ec579b6da","2026-02-18T15:22:43+00:00","1","100","5","100","2026-02-19T16:15:19.012277+00:00"
"02ed49fe-ecb5-464c-8555-5676324f78ee","b07c5edf-5ca8-412f-a38c-1f9ec579b6da","2026-02-19T15:19:06+00:00","2","100","11","100","2026-02-19T16:15:19.012277+00:00"
"933fd36d-ff4f-44b4-bc82-337ac00f7a2c","b07c5edf-5ca8-412f-a38c-1f9ec579b6da","2026-02-19T15:25:19+00:00","2","100","12","100","2026-02-19T16:15:19.012277+00:00"
"53326c1c-034c-4dc1-bc54-0d640bb144fc","b07c5edf-5ca8-412f-a38c-1f9ec579b6da","2026-02-19T15:29:34+00:00","3","100","12","100","2026-02-19T16:15:19.012277+00:00"
"1c6a368b-b2e8-4d32-9132-a2c5c5b90406","b07c5edf-5ca8-412f-a38c-1f9ec579b6da","2026-02-19T15:47:46+00:00","4","100","12","100","2026-02-19T16:15:19.012277+00:00"
"cc955d06-d732-431c-8dc3-9c83bf858302","b07c5edf-5ca8-412f-a38c-1f9ec579b6da","2026-02-19T16:07:58+00:00","4","100","12","100","2026-02-19T16:09:08.799059+00:00"
"31ac5c7c-5d46-4e91-8cbf-dbde84079a13","b07c5edf-5ca8-412f-a38c-1f9ec579b6da","2026-02-19T17:41:14+00:00","9","100","14","100","2026-02-19T17:41:48.240193+00:00"
"ba411219-3ae6-4bf7-af05-fbd017b99d85","b07c5edf-5ca8-412f-a38c-1f9ec579b6da","2026-02-19T19:05:32+00:00","10","100","14","100","2026-02-19T19:54:19.07192+00:00"
"d63217a6-cc9d-4d79-800a-19fd5b75d214","b07c5edf-5ca8-412f-a38c-1f9ec579b6da","2026-02-19T19:42:43+00:00","12","100","15","100","2026-02-19T19:54:19.07192+00:00"
"a7b96a83-3294-42f2-9c8f-1444a682311c","b07c5edf-5ca8-412f-a38c-1f9ec579b6da","2026-02-19T21:12:33+00:00","3","100","16","100","2026-02-19T21:27:17.449702+00:00"
"a6177008-b763-4e73-9176-c1ee383cbdce","b07c5edf-5ca8-412f-a38c-1f9ec579b6da","2026-02-20T03:58:49+00:00","5","100","18","100","2026-02-20T03:58:51.761826+00:00"
"5e8d13b0-2649-4fc7-aba5-ac68fab93432","b07c5edf-5ca8-412f-a38c-1f9ec579b6da","2026-02-21T05:46:54+00:00","1","100","19","100","2026-02-21T06:00:38.109915+00:00"
"d506332d-fca5-41bc-87d0-7b30e9fab7a5","b07c5edf-5ca8-412f-a38c-1f9ec579b6da","2026-02-21T12:39:19+00:00","2","100","21","100","2026-02-21T12:39:51.538805+00:00"
"62de7310-7e3d-44a4-be1f-45421c47e6b5","b07c5edf-5ca8-412f-a38c-1f9ec579b6da","2026-02-21T15:53:40+00:00","2","100","23","100","2026-02-21T16:00:38.469361+00:00"
"94e30146-f349-4d0b-a6d5-75013d6cf76b","b07c5edf-5ca8-412f-a38c-1f9ec579b6da","2026-02-22T09:36:25+00:00","1","100","25","100","2026-02-22T10:00:38.340756+00:00"
"5351d013-e9b9-4e0b-abba-cfa8cf554dbf","b07c5edf-5ca8-412f-a38c-1f9ec579b6da","2026-02-22T15:23:57+00:00","4","100","27","100","2026-02-22T15:25:53.465384+00:00"
"f3334abb-ef0c-4f2f-8b40-b3570ffd8312","b07c5edf-5ca8-412f-a38c-1f9ec579b6da","2026-02-22T15:29:13+00:00","5","100","27","100","2026-02-22T16:00:38.244285+00:00"
"3aa28cfe-af6e-4a4b-9721-1259d5776a35","b07c5edf-5ca8-412f-a38c-1f9ec579b6da","2026-02-23T07:07:14+00:00","3","100","28","100","2026-02-23T07:07:53.42048+00:00"
"fcf35d18-fb5c-4837-a32e-d21a4c3621eb","b07c5edf-5ca8-412f-a38c-1f9ec579b6da","2026-02-23T07:49:10+00:00","4","100","29","100","2026-02-23T07:49:16.789313+00:00"
"2d960aa6-8bf0-4dda-8d5e-f50690902c6b","b07c5edf-5ca8-412f-a38c-1f9ec579b6da","2026-02-23T09:36:30+00:00","5","100","29","100","2026-02-23T09:36:32.905191+00:00"
"6e6675fd-4c52-4bd7-90b2-33e6114b50de","b07c5edf-5ca8-412f-a38c-1f9ec579b6da","2026-02-23T10:21:44+00:00","0","100","29","100","2026-02-23T10:21:49.523359+00:00"
"f4db0578-c999-45e4-ac3a-0b945ccd749c","b07c5edf-5ca8-412f-a38c-1f9ec579b6da","2026-02-23T10:47:14+00:00","1","100","29","100","2026-02-23T10:47:22.160897+00:00"
"62b90156-a686-45e9-9b09-20b90145f7b6","b07c5edf-5ca8-412f-a38c-1f9ec579b6da","2026-02-23T11:55:32+00:00","5","100","31","100","2026-02-23T11:55:38.031513+00:00"
"e1dda0ec-4fb5-4770-aadb-5c3c1680192f","b07c5edf-5ca8-412f-a38c-1f9ec579b6da","2026-02-23T13:11:09+00:00","6","100","31","100","2026-02-23T13:11:17.158931+00:00"
"7f895afe-96c6-4483-a2e6-8a31b2fe0b39","b07c5edf-5ca8-412f-a38c-1f9ec579b6da","2026-02-23T14:01:27+00:00","7","100","31","100","2026-02-23T14:01:34.948344+00:00"
"0ebd0b07-e57f-4f92-9180-6e6905d1b7ca","b07c5edf-5ca8-412f-a38c-1f9ec579b6da","2026-02-23T14:35:10+00:00","8","100","32","100","2026-02-23T14:35:28.023188+00:00"
"adeace44-5731-46b7-a3a3-3f897d28d463","b07c5edf-5ca8-412f-a38c-1f9ec579b6da","2026-02-23T14:45:15+00:00","9","100","32","100","2026-02-23T14:45:31.641058+00:00"
"ab555161-548a-44b3-8818-6f723e144406","b07c5edf-5ca8-412f-a38c-1f9ec579b6da","2026-02-23T14:49:34+00:00","10","100","32","100","2026-02-23T14:49:49.279337+00:00"
"89c05b2b-264b-4e4c-83ae-430b14beb72e","b07c5edf-5ca8-412f-a38c-1f9ec579b6da","2026-02-23T16:52:00+00:00","5","100","34","100","2026-02-23T16:52:15.935151+00:00"
"40377741-36e6-4ff5-b6fe-791762752c59","b07c5edf-5ca8-412f-a38c-1f9ec579b6da","2026-02-23T17:46:55+00:00","7","100","35","100","2026-02-23T17:46:57.7761+00:00"
"8171762b-9339-4b17-bf85-6e26cd668102","b07c5edf-5ca8-412f-a38c-1f9ec579b6da","2026-02-23T19:05:04+00:00","8","100","35","100","2026-02-23T19:05:07.155205+00:00"
"86fe1af2-1b75-45be-a3af-78b543fadbfc","b07c5edf-5ca8-412f-a38c-1f9ec579b6da","2026-02-24T09:04:31+00:00","1","100","36","100","2026-02-24T09:04:34.60936+00:00"
"fc21672f-c04f-4ac5-9512-c9caccc912c0","b07c5edf-5ca8-412f-a38c-1f9ec579b6da","2026-02-24T09:32:33+00:00","2","100","36","100","2026-02-24T09:32:36.35749+00:00"
"13a0f06e-9f52-471b-ada5-b1e05cf13c5a","b07c5edf-5ca8-412f-a38c-1f9ec579b6da","2026-02-24T09:51:21+00:00","4","100","37","100","2026-02-24T09:51:24.309744+00:00"
"1a90806f-83c8-45c3-813b-83a0b96c384b","b07c5edf-5ca8-412f-a38c-1f9ec579b6da","2026-02-24T10:05:33+00:00","5","100","37","100","2026-02-24T10:05:35.670942+00:00"
"836f811d-40ee-4291-ab42-1ed9932cd857","b07c5edf-5ca8-412f-a38c-1f9ec579b6da","2026-02-24T10:32:45+00:00","6","100","38","100","2026-02-24T10:32:48.433691+00:00"
"89680ed1-3e7c-4e49-b435-fa081a2d0c46","b07c5edf-5ca8-412f-a38c-1f9ec579b6da","2026-02-24T12:57:50+00:00","0","100","39","100","2026-02-24T12:57:53.23076+00:00"
"fc98838c-fb31-4469-90a4-484b770f3aea","b07c5edf-5ca8-412f-a38c-1f9ec579b6da","2026-02-24T13:20:47+00:00","1","100","40","100","2026-02-24T13:20:49.949765+00:00"
"c6a32628-23e6-4e3f-bff0-feefb2855c6b","b07c5edf-5ca8-412f-a38c-1f9ec579b6da","2026-02-24T13:29:00+00:00","2","100","40","100","2026-02-24T13:29:03.149922+00:00"
"af2c5888-04ff-4405-bc30-487da786bc36","b07c5edf-5ca8-412f-a38c-1f9ec579b6da","2026-02-24T13:47:17+00:00","4","100","40","100","2026-02-24T13:47:21.261363+00:00"
"5c14d38c-6bfb-470c-bdf2-1f09ccd481f5","b07c5edf-5ca8-412f-a38c-1f9ec579b6da","2026-02-24T13:50:27+00:00","4","100","41","100","2026-02-24T13:50:29.689564+00:00"
"54c1676b-977e-4e30-80ed-0689a6c58cb6","b07c5edf-5ca8-412f-a38c-1f9ec579b6da","2026-02-24T14:00:49+00:00","5","100","41","100","2026-02-24T14:00:51.331261+00:00"
"a6e40efe-dfa4-402c-afca-0594b7333337","b07c5edf-5ca8-412f-a38c-1f9ec579b6da","2026-02-24T14:25:13+00:00","5","100","0","100","2026-02-24T14:25:16.646144+00:00"
"ae3f8509-4158-4278-b033-8985343857ed","b07c5edf-5ca8-412f-a38c-1f9ec579b6da","2026-02-25T11:19:02+00:00","0","100","1","100","2026-02-25T11:20:34.508761+00:00"
"2d580a69-d408-4b06-bdb9-b3c948e0c706","b07c5edf-5ca8-412f-a38c-1f9ec579b6da","2026-02-25T12:17:17+00:00","1","100","1","100","2026-02-25T12:17:20.248255+00:00"
"eb335e24-aa1d-4b75-bf5e-543c51b43b4c","b07c5edf-5ca8-412f-a38c-1f9ec579b6da","2026-02-25T13:59:57+00:00","2","100","1","100","2026-02-25T14:00:00.888381+00:00"
"8db48d6a-3fd5-45db-b10b-f7174522d3b8","b07c5edf-5ca8-412f-a38c-1f9ec579b6da","2026-02-25T14:10:45+00:00","3","100","2","100","2026-02-25T14:10:48.364955+00:00"
"1c7d7b9f-3b21-4fd6-b6c8-750efdc0f7fb","b07c5edf-5ca8-412f-a38c-1f9ec579b6da","2026-02-25T14:24:03+00:00","4","100","2","100","2026-02-25T14:24:06.824521+00:00"
"fe2d38fb-e21d-4c9c-b284-e1f5fefde431","b07c5edf-5ca8-412f-a38c-1f9ec579b6da","2026-02-25T14:27:47+00:00","5","100","2","100","2026-02-25T14:27:50.239812+00:00"
"28be2bbc-4989-4c3f-9739-984ec0ce42bd","b07c5edf-5ca8-412f-a38c-1f9ec579b6da","2026-02-25T14:36:05+00:00","6","100","2","100","2026-02-25T14:36:09.824231+00:00"
"5a102fea-7d5c-47f9-a36a-d23f55eb9c5c","b07c5edf-5ca8-412f-a38c-1f9ec579b6da","2026-02-25T14:53:07+00:00","6","100","3","100","2026-02-25T14:53:10.918474+00:00"
"ce94f9f0-8bf1-4e18-af7f-799c381ce496","b07c5edf-5ca8-412f-a38c-1f9ec579b6da","2026-02-25T15:21:46+00:00","7","100","3","100","2026-02-25T15:21:49.944654+00:00"
"b9f81ed4-0182-4e89-9753-dd7f0376ec9a","b07c5edf-5ca8-412f-a38c-1f9ec579b6da","2026-02-25T15:36:47+00:00","8","100","3","100","2026-02-25T15:36:50.727608+00:00"
"0d9ebe29-5cd9-4a7c-9d72-91295d9671de","b07c5edf-5ca8-412f-a38c-1f9ec579b6da","2026-02-25T16:00:11+00:00","9","100","3","100","2026-02-25T16:00:14.975049+00:00"
"e86b2b8a-596c-4ee1-9c10-5c8247ee5362","b07c5edf-5ca8-412f-a38c-1f9ec579b6da","2026-02-25T16:32:01+00:00","1","100","4","100","2026-02-25T16:32:04.694033+00:00"
"e10f5a3d-d217-4d43-9276-afb211d7ce1b","b07c5edf-5ca8-412f-a38c-1f9ec579b6da","2026-02-25T17:12:45+00:00","2","100","4","100","2026-02-25T17:12:49.034199+00:00"
"cac55938-c76c-467f-b72b-82dc4180907b","b07c5edf-5ca8-412f-a38c-1f9ec579b6da","2026-02-25T17:21:20+00:00","3","100","4","100","2026-02-25T17:21:23.831548+00:00"
"796f3f22-ba5c-490d-bdad-badcb8a51f7f","b07c5edf-5ca8-412f-a38c-1f9ec579b6da","2026-02-25T17:44:44+00:00","4","100","5","100","2026-02-25T17:44:47.353677+00:00"
"59b04512-09e0-48df-b87a-9e2f5ddf9e79","b07c5edf-5ca8-412f-a38c-1f9ec579b6da","2026-02-25T18:04:12+00:00","5","100","5","100","2026-02-25T18:04:15.009608+00:00"
"e0db1c85-9de3-4be7-80c5-6d319fc5e2cb","b07c5edf-5ca8-412f-a38c-1f9ec579b6da","2026-02-26T09:21:58+00:00","0","100","5","100","2026-02-26T09:22:01.617306+00:00"
"0cb6604f-768f-4b9c-b9d7-ec3486570437","b07c5edf-5ca8-412f-a38c-1f9ec579b6da","2026-02-26T12:03:19+00:00","2","100","5","100","2026-02-26T12:03:24.34804+00:00"
"37cb8de1-0ad7-4a08-9e12-6484027b738b","b07c5edf-5ca8-412f-a38c-1f9ec579b6da","2026-02-26T12:24:44+00:00","3","100","6","100","2026-02-26T12:24:47.197083+00:00"
"a6a3034c-5ef8-4700-a73c-0fc3a85502ba","b07c5edf-5ca8-412f-a38c-1f9ec579b6da","2026-02-26T12:44:32+00:00","4","100","6","100","2026-02-26T12:44:35.683589+00:00"
"e8459b81-99fd-47df-8c02-8b41fd54ebd7","b07c5edf-5ca8-412f-a38c-1f9ec579b6da","2026-02-26T13:29:58+00:00","5","100","6","100","2026-02-26T13:30:01.853986+00:00"
"ed439fd3-919e-4c45-a54c-b60f98c81ebd","b07c5edf-5ca8-412f-a38c-1f9ec579b6da","2026-02-26T13:41:58+00:00","6","100","7","100","2026-02-26T13:42:01.570329+00:00"
"1ae21c7a-9e7d-4b43-8efe-ac13ac556149","b07c5edf-5ca8-412f-a38c-1f9ec579b6da","2026-02-26T14:31:47+00:00","0","100","7","100","2026-02-26T14:31:50.37862+00:00"
"263f3726-2236-4d02-9b13-17a590e8540d","b07c5edf-5ca8-412f-a38c-1f9ec579b6da","2026-02-26T14:50:32+00:00","1","100","7","100","2026-02-26T14:50:35.500827+00:00"
"b45c4092-f744-45a7-8226-f16709b0440d","b07c5edf-5ca8-412f-a38c-1f9ec579b6da","2026-02-26T15:18:07+00:00","2","100","8","100","2026-02-26T15:18:11.138204+00:00"
"13679d0f-669c-4998-bb61-116d5a75d28d","b07c5edf-5ca8-412f-a38c-1f9ec579b6da","2026-02-26T15:59:37+00:00","3","100","8","100","2026-02-26T15:59:40.805181+00:00"
"1ad34846-c85c-408a-a664-a3022e63d9c2","b07c5edf-5ca8-412f-a38c-1f9ec579b6da","2026-02-26T16:31:30+00:00","4","100","8","100","2026-02-26T16:31:34.12403+00:00"
"e73e83d4-1eb0-4256-b987-f473e50478cc","b07c5edf-5ca8-412f-a38c-1f9ec579b6da","2026-02-26T17:16:14+00:00","5","100","8","100","2026-02-26T17:16:18.616275+00:00"
"e4f23e3b-00a5-4950-951d-cc43c2687ca9","b07c5edf-5ca8-412f-a38c-1f9ec579b6da","2026-02-26T17:42:58+00:00","6","100","9","100","2026-02-26T17:43:02.348755+00:00"
"127abdd9-eece-448d-9f06-7af209eda812","b07c5edf-5ca8-412f-a38c-1f9ec579b6da","2026-02-26T18:00:56+00:00","7","100","9","100","2026-02-26T18:00:59.043761+00:00"
"b34aab3c-bdae-44cd-9a87-545a9a7259c9","b07c5edf-5ca8-412f-a38c-1f9ec579b6da","2026-02-26T18:29:38+00:00","8","100","9","100","2026-02-26T18:29:42.012131+00:00"
"ae8630b1-2550-4f45-9865-82d40ed11189","b07c5edf-5ca8-412f-a38c-1f9ec579b6da","2026-02-26T18:59:55+00:00","9","100","10","100","2026-02-26T18:59:58.494678+00:00"
"c3613dca-271c-4e32-9386-d7f423d2c0ab","b07c5edf-5ca8-412f-a38c-1f9ec579b6da","2026-02-26T19:59:53+00:00","1","100","10","100","2026-02-26T19:59:57.227055+00:00"
"a1f64237-b518-4b28-b155-7369591636e7","b07c5edf-5ca8-412f-a38c-1f9ec579b6da","2026-02-26T20:07:42+00:00","2","100","11","100","2026-02-26T20:07:46.88635+00:00"
"4dfcf218-98f9-40db-83bd-05da495f94f9","b07c5edf-5ca8-412f-a38c-1f9ec579b6da","2026-02-26T20:16:16+00:00","3","100","11","100","2026-02-26T20:16:20.133157+00:00"
"97ae317d-634c-4e24-827a-00ee6a6387da","b07c5edf-5ca8-412f-a38c-1f9ec579b6da","2026-02-26T20:41:12+00:00","4","100","11","100","2026-02-26T20:41:16.114593+00:00"
"e08542f8-9f56-4ea3-a04f-4bece652bba8","b07c5edf-5ca8-412f-a38c-1f9ec579b6da","2026-02-26T21:04:53+00:00","5","100","11","100","2026-02-26T21:04:56.835485+00:00"
"28374c18-ce60-47dc-b146-a1393e1997af","b07c5edf-5ca8-412f-a38c-1f9ec579b6da","2026-02-27T06:05:38+00:00","1","100","12","100","2026-02-27T06:05:43.601312+00:00"
"f70bed40-757d-4fcb-aa1b-212bd1f095d5","b07c5edf-5ca8-412f-a38c-1f9ec579b6da","2026-02-27T15:00:04+00:00","6","100","14","100","2026-02-27T15:00:09.264832+00:00"
"00cbf7b9-27d2-4402-9a20-9d67bb10adc5","b07c5edf-5ca8-412f-a38c-1f9ec579b6da","2026-02-28T08:21:51+00:00","0","100","16","100","2026-02-28T08:21:56.290982+00:00"
"6b94734e-e19c-44e5-b5a6-807707f26a3b","b07c5edf-5ca8-412f-a38c-1f9ec579b6da","2026-02-28T09:45:27+00:00","1","100","16","100","2026-02-28T09:45:31.655803+00:00"
"169272d7-a457-4907-9c8b-36203ddc7c99","b07c5edf-5ca8-412f-a38c-1f9ec579b6da","2026-02-28T12:17:29+00:00","2","100","16","100","2026-02-28T12:17:34.173256+00:00"
"16cd3b6d-0c8b-4705-b5e5-eb8781ff9ca0","b07c5edf-5ca8-412f-a38c-1f9ec579b6da","2026-02-28T12:40:18+00:00","4","100","17","100","2026-02-28T12:40:23.674948+00:00"
"40e85f74-af8b-408d-806f-88414574791c","b07c5edf-5ca8-412f-a38c-1f9ec579b6da","2026-02-28T13:21:45+00:00","1","100","17","100","2026-02-28T13:21:50.259948+00:00"
"a1556255-23a2-4588-a5cf-ba4e609ff139","b07c5edf-5ca8-412f-a38c-1f9ec579b6da","2026-02-28T13:57:46+00:00","2","100","18","100","2026-02-28T13:57:50.345134+00:00"
"18871585-d39d-4604-820b-e379e9fe8ce5","b07c5edf-5ca8-412f-a38c-1f9ec579b6da","2026-02-28T15:03:38+00:00","5","100","19","100","2026-02-28T15:03:43.596004+00:00"
"f38bca22-a5eb-4410-aae7-294132bcd761","b07c5edf-5ca8-412f-a38c-1f9ec579b6da","2026-02-28T15:20:28+00:00","6","100","19","100","2026-02-28T15:20:33.166142+00:00"
"863c4451-7735-444e-b543-29ac2cec9ee4","b07c5edf-5ca8-412f-a38c-1f9ec579b6da","2026-02-28T15:39:23+00:00","7","100","19","100","2026-02-28T15:39:27.911747+00:00"
"d3db1268-dd15-4742-b193-0beacdf2d7d6","b07c5edf-5ca8-412f-a38c-1f9ec579b6da","2026-02-28T16:20:54+00:00","8","100","19","100","2026-02-28T16:20:58.877585+00:00"
"6c5ed778-973b-432a-a8ed-707416032b80","b07c5edf-5ca8-412f-a38c-1f9ec579b6da","2026-02-28T17:04:21+00:00","10","100","20","100","2026-02-28T17:04:26.747062+00:00"
"e134e198-0b0d-4feb-8556-7489a0d67d0e","b07c5edf-5ca8-412f-a38c-1f9ec579b6da","2026-02-28T17:38:42+00:00","12","100","21","100","2026-02-28T17:38:46.313579+00:00"
"69b39b94-4b7f-4930-8101-787709328a50","b07c5edf-5ca8-412f-a38c-1f9ec579b6da","2026-02-28T18:09:02+00:00","13","100","21","100","2026-02-28T18:09:06.754199+00:00"
"6a6fd6ec-31a3-40e2-bb59-f21e152be485","b07c5edf-5ca8-412f-a38c-1f9ec579b6da","2026-02-28T18:15:41+00:00","0","100","21","100","2026-02-28T18:15:45.928913+00:00"
"300c7af8-e5c3-4d92-a3ec-12095d6fde1a","b07c5edf-5ca8-412f-a38c-1f9ec579b6da","2026-02-28T18:30:30+00:00","1","100","21","100","2026-02-28T18:30:34.725439+00:00"
"ae6b8d89-371c-4db7-bafa-18acd7fbd7b7","b07c5edf-5ca8-412f-a38c-1f9ec579b6da","2026-02-28T18:37:38+00:00","2","100","22","100","2026-02-28T18:37:42.489326+00:00"
"7660c717-34c3-4732-98cf-fcd3afb162f7","b07c5edf-5ca8-412f-a38c-1f9ec579b6da","2026-03-01T00:38:09+00:00","0","100","22","100","2026-03-01T00:38:14.330899+00:00"
"1a3314c0-4d37-45d2-9ff9-e0f3ace237d7","b07c5edf-5ca8-412f-a38c-1f9ec579b6da","2026-03-01T10:06:27+00:00","1","100","22","100","2026-03-01T10:06:32.244948+00:00"
"4e2ea92b-a76c-4dfc-be5c-75309efe3ea1","b07c5edf-5ca8-412f-a38c-1f9ec579b6da","2026-03-02T14:48:23+00:00","0","100","25","100","2026-03-02T14:48:28.717392+00:00"
"a4dd7400-bd22-4160-b699-7c69e5b696d6","b07c5edf-5ca8-412f-a38c-1f9ec579b6da","2026-03-02T19:08:25+00:00","7","100","27","100","2026-03-02T19:08:29.515078+00:00"
"d2b2a39b-520f-468f-a5f4-97d9bd9792fd","b07c5edf-5ca8-412f-a38c-1f9ec579b6da","2026-03-04T14:49:58+00:00","1","100","2","100","2026-03-04T14:50:03.590781+00:00"
"f81f7c1b-0191-4186-ac4c-179113d9a9a1","b07c5edf-5ca8-412f-a38c-1f9ec579b6da","2026-03-04T15:32:58+00:00","2","100","2","100","2026-03-04T15:33:03.465874+00:00"
"1e564887-07e3-4a4f-890d-f3f425138ac7","b07c5edf-5ca8-412f-a38c-1f9ec579b6da","2026-03-04T18:43:34+00:00","0","100","3","100","2026-03-04T18:43:38.62085+00:00"
"f05cc66b-0fcf-44b6-a6e2-5171d0c0fb4a","b07c5edf-5ca8-412f-a38c-1f9ec579b6da","2026-03-04T19:23:00+00:00","1","100","3","100","2026-03-04T19:23:05.117295+00:00"
"ee494951-c7af-4273-a813-ab13d49a22e0","b07c5edf-5ca8-412f-a38c-1f9ec579b6da","2026-03-06T14:00:25+00:00","0","100","4","100","2026-03-06T14:00:31.635755+00:00"
"d6c15386-c2d6-4065-af14-f06ac913b497","b07c5edf-5ca8-412f-a38c-1f9ec579b6da","2026-03-06T14:13:47+00:00","1","100","4","100","2026-03-06T14:13:52.644447+00:00"
"ee6883a3-2f21-4600-acb4-010105f260c1","b07c5edf-5ca8-412f-a38c-1f9ec579b6da","2026-03-06T15:47:09+00:00","2","100","4","100","2026-03-06T15:47:14.726089+00:00"
"d42408cc-e812-4235-8e99-d776a33d13d8","b07c5edf-5ca8-412f-a38c-1f9ec579b6da","2026-03-06T16:05:09+00:00","3","100","5","100","2026-03-06T16:05:13.626856+00:00"
"ac560498-c98d-4364-b7c7-dad54c9b930e","b07c5edf-5ca8-412f-a38c-1f9ec579b6da","2026-03-06T16:13:02+00:00","4","100","5","100","2026-03-06T16:13:07.342331+00:00"
"87350e68-efe9-4abb-9cf1-c9400ea5f378","b07c5edf-5ca8-412f-a38c-1f9ec579b6da","2026-03-06T16:27:07+00:00","5","100","5","100","2026-03-06T16:27:12.072534+00:00"
"107ffed0-4d46-44ff-9826-fcdef54a7477","b07c5edf-5ca8-412f-a38c-1f9ec579b6da","2026-03-06T16:44:15+00:00","8","100","6","100","2026-03-06T16:44:21.08238+00:00"
"0a388fc5-f6cd-47c8-9b97-eed92153ee96","b07c5edf-5ca8-412f-a38c-1f9ec579b6da","2026-03-06T16:55:52+00:00","9","100","6","100","2026-03-06T16:55:58.424015+00:00"
"8e664d7a-6aa1-4465-9ba8-5e0a3e2b9f1d","b07c5edf-5ca8-412f-a38c-1f9ec579b6da","2026-03-06T17:34:13+00:00","11","100","7","100","2026-03-06T17:34:19.04218+00:00"
"b13ceab7-110a-4eba-96e4-02768fc2e2fe","b07c5edf-5ca8-412f-a38c-1f9ec579b6da","2026-03-06T18:33:00+00:00","14","100","8","100","2026-03-06T18:33:09.520196+00:00"
"e166514a-83c0-4ff9-a7b8-2e8186475be9","b07c5edf-5ca8-412f-a38c-1f9ec579b6da","2026-03-06T18:59:22+00:00","15","100","8","100","2026-03-06T18:59:27.491528+00:00"
"03e71fe5-9160-4fb6-bb3b-6a651a8cf691","b07c5edf-5ca8-412f-a38c-1f9ec579b6da","2026-03-06T19:03:31+00:00","0","100","8","100","2026-03-06T19:03:35.02732+00:00"
"362d18ea-b7c6-43c5-bb93-419e3dae09c2","b07c5edf-5ca8-412f-a38c-1f9ec579b6da","2026-03-06T19:22:48+00:00","2","100","9","100","2026-03-06T19:22:53.640242+00:00"
"28e34408-b811-468f-aa0f-84303af524d8","b07c5edf-5ca8-412f-a38c-1f9ec579b6da","2026-03-06T19:53:34+00:00","3","100","9","100","2026-03-06T19:53:39.017581+00:00"
"cd91a8c2-f22a-4f86-be88-367e6933c1be","b07c5edf-5ca8-412f-a38c-1f9ec579b6da","2026-03-07T12:11:18+00:00","0","100","9","100","2026-03-07T12:11:24.784427+00:00"
"b74fc4c4-e303-45fc-8365-e27aaa8a657a","b07c5edf-5ca8-412f-a38c-1f9ec579b6da","2026-03-08T14:46:34+00:00","2","100","1","100","2026-03-08T14:46:39.776038+00:00"
"a4f4523e-ed8f-4e91-9b3f-c9bf5ab08e66","b07c5edf-5ca8-412f-a38c-1f9ec579b6da","2026-03-13T14:54:42+00:00","0","100","0","100","2026-03-13T14:54:48.331317+00:00"
"07f520c5-1f3c-4b98-9ae2-cbccfb1a198a","b07c5edf-5ca8-412f-a38c-1f9ec579b6da","2026-03-14T09:39:01+00:00","1","100","1","100","2026-03-14T09:39:07.20782+00:00"
"3062b724-1100-46cb-af5e-b8524c43dde5","b07c5edf-5ca8-412f-a38c-1f9ec579b6da","2026-03-14T09:55:45+00:00","2","100","1","100","2026-03-14T09:55:50.793982+00:00"
"5d359ab8-9cb2-475d-824d-4accafb14214","b07c5edf-5ca8-412f-a38c-1f9ec579b6da","2026-03-14T10:15:23+00:00","4","100","1","100","2026-03-14T10:15:29.016975+00:00"
"473032df-e131-47a9-bfdc-ab939581fbd5","b07c5edf-5ca8-412f-a38c-1f9ec579b6da","2026-03-14T10:28:14+00:00","5","100","2","100","2026-03-14T10:28:19.120573+00:00"
"c4fa4f90-5664-4e5e-83a1-73dfb045d06a","b07c5edf-5ca8-412f-a38c-1f9ec579b6da","2026-03-14T10:52:58+00:00","7","100","2","100","2026-03-14T10:53:05.009998+00:00"
"519f7990-e554-490c-b891-9e5d28186c8b","b07c5edf-5ca8-412f-a38c-1f9ec579b6da","2026-03-14T12:12:47+00:00","8","100","3","100","2026-03-14T12:12:53.163791+00:00"
"00918a14-c74c-41a5-872c-fa9ebd0a920e","b07c5edf-5ca8-412f-a38c-1f9ec579b6da","2026-03-14T13:07:06+00:00","9","100","3","100","2026-03-14T13:07:11.316179+00:00"
"51580a32-9cf3-47a4-aa27-d1e705d524ec","b07c5edf-5ca8-412f-a38c-1f9ec579b6da","2026-03-14T13:44:08+00:00","10","100","3","100","2026-03-14T13:44:13.774488+00:00"
"99cbb102-185a-407f-a220-b84f07e1b072","b07c5edf-5ca8-412f-a38c-1f9ec579b6da","2026-03-14T13:50:49+00:00","11","100","3","100","2026-03-14T13:50:56.264759+00:00"
"369b1bc6-5d09-40cd-b3fb-935e61b6ca84","b07c5edf-5ca8-412f-a38c-1f9ec579b6da","2026-03-14T14:11:21+00:00","12","100","4","100","2026-03-14T14:11:27.49853+00:00"
"7e557117-e0c9-47f6-a997-2caa71f6a998","b07c5edf-5ca8-412f-a38c-1f9ec579b6da","2026-03-14T14:28:09+00:00","0","100","4","100","2026-03-14T14:28:16.118526+00:00"
"132dc48a-f052-4fd7-9ec4-e931396b5abe","b07c5edf-5ca8-412f-a38c-1f9ec579b6da","2026-03-14T15:27:25+00:00","1","100","5","100","2026-03-14T15:27:32.331595+00:00"
"75338669-113f-47ed-ade2-663459d00f26","b07c5edf-5ca8-412f-a38c-1f9ec579b6da","2026-03-14T15:31:32+00:00","2","100","5","100","2026-03-14T15:31:36.538505+00:00"
"46fafc24-33b3-46c9-a1b1-bdbbff44e8d0","b07c5edf-5ca8-412f-a38c-1f9ec579b6da","2026-03-14T16:11:48+00:00","3","100","5","100","2026-03-14T16:11:53.988218+00:00"
"fab8b3c9-39d1-449e-a5c8-157a2469efd7","b07c5edf-5ca8-412f-a38c-1f9ec579b6da","2026-03-14T16:37:46+00:00","5","100","6","100","2026-03-14T16:37:52.183784+00:00"
"3bdd548f-73e3-485f-9a70-78d02424f629","b07c5edf-5ca8-412f-a38c-1f9ec579b6da","2026-03-14T17:33:17+00:00","7","100","6","100","2026-03-14T17:33:22.549304+00:00"
"67261bec-bc0c-4a29-a052-20332a16731f","b07c5edf-5ca8-412f-a38c-1f9ec579b6da","2026-03-14T17:42:22+00:00","8","100","6","100","2026-03-14T17:42:27.621608+00:00"
"92d2dde7-2792-48b1-a56c-381c3d380775","b07c5edf-5ca8-412f-a38c-1f9ec579b6da","2026-03-14T17:46:09+00:00","8","100","7","100","2026-03-14T17:46:14.211111+00:00"
"bbb82b2e-2661-4a25-b523-82ccccf3f81a","b07c5edf-5ca8-412f-a38c-1f9ec579b6da","2026-03-14T17:49:10+00:00","9","100","7","100","2026-03-14T17:49:15.321354+00:00"
"48164a4c-d46f-4d26-b279-4f09754865f9","b07c5edf-5ca8-412f-a38c-1f9ec579b6da","2026-03-14T18:15:39+00:00","10","100","7","100","2026-03-14T18:15:45.137026+00:00"
"d6fe809c-302f-4203-add1-7c7cab568230","b07c5edf-5ca8-412f-a38c-1f9ec579b6da","2026-03-14T18:27:00+00:00","11","100","7","100","2026-03-14T18:27:05.481559+00:00"
"e7d076f5-c6e2-40a4-90f8-4765935e8ec5","b07c5edf-5ca8-412f-a38c-1f9ec579b6da","2026-03-14T18:37:28+00:00","12","100","8","100","2026-03-14T18:37:33.970602+00:00"
"4d75278e-07f7-4de2-9d1f-7be13514180b","b07c5edf-5ca8-412f-a38c-1f9ec579b6da","2026-03-14T19:36:05+00:00","0","100","8","100","2026-03-14T19:36:11.219626+00:00"
"f9894a75-72cb-4937-8a25-fcb62778467c","b07c5edf-5ca8-412f-a38c-1f9ec579b6da","2026-03-14T19:36:39+00:00","1","100","8","100","2026-03-14T19:36:43.855356+00:00"
"c9f4a807-15e7-4aac-9705-441b79e731b3","b07c5edf-5ca8-412f-a38c-1f9ec579b6da","2026-03-14T20:11:49+00:00","2","100","8","100","2026-03-14T20:11:54.47192+00:00"
"02ab678e-5c28-4457-9122-66998b253128","b07c5edf-5ca8-412f-a38c-1f9ec579b6da","2026-03-14T20:33:27+00:00","3","100","9","100","2026-03-14T20:33:33.414575+00:00"
"f72d0cc3-215f-475a-820b-8300969c9e43","b07c5edf-5ca8-412f-a38c-1f9ec579b6da","2026-03-14T20:38:55+00:00","4","100","9","100","2026-03-14T20:39:01.330212+00:00"
"ff3049d7-6439-4d5f-a23e-788fa8b4fc67","b07c5edf-5ca8-412f-a38c-1f9ec579b6da","2026-03-14T21:17:35+00:00","5","100","9","100","2026-03-14T21:17:41.177176+00:00"
"76e2378b-b606-4730-9cdf-c44ff727a065","b07c5edf-5ca8-412f-a38c-1f9ec579b6da","2026-03-14T21:41:25+00:00","6","100","10","100","2026-03-14T21:41:31.77514+00:00"
"45e3fe65-f970-4d99-b430-3ec1868e6423","b07c5edf-5ca8-412f-a38c-1f9ec579b6da","2026-03-15T17:14:22+00:00","5","100","11","100","2026-03-15T17:14:28.046709+00:00"
"36025f34-1a86-4716-9906-b86e1c01ee8b","b07c5edf-5ca8-412f-a38c-1f9ec579b6da","2026-03-16T01:19:22+00:00","0","100","14","100","2026-03-16T01:19:28.593651+00:00"
"df581371-caf7-411d-a97d-3f1ecd62c626","b07c5edf-5ca8-412f-a38c-1f9ec579b6da","2026-03-16T09:21:43+00:00","1","100","16","100","2026-03-16T09:21:49.383017+00:00"
"8773cc78-120c-403e-ac2f-8c768e78854f","b07c5edf-5ca8-412f-a38c-1f9ec579b6da","2026-03-16T10:41:13+00:00","4","100","17","100","2026-03-16T10:41:20.185942+00:00"
"4acc518a-3307-4eb9-9b21-f17c880cd10a","b07c5edf-5ca8-412f-a38c-1f9ec579b6da","2026-03-16T11:17:56+00:00","6","100","18","100","2026-03-16T11:18:03.673935+00:00"
"483c0bb7-04ac-4f9f-9649-6678b9f6b3ad","b07c5edf-5ca8-412f-a38c-1f9ec579b6da","2026-03-16T12:27:34+00:00","2","100","19","100","2026-03-16T12:27:41.285476+00:00"
"650d522e-b99a-4f85-ba26-26786782d5da","b07c5edf-5ca8-412f-a38c-1f9ec579b6da","2026-03-16T13:07:41+00:00","4","100","20","100","2026-03-16T13:07:47.981541+00:00"
"3185afe6-fc74-49f3-ab9d-2b0c6bd97485","b07c5edf-5ca8-412f-a38c-1f9ec579b6da","2026-03-16T13:22:12+00:00","5","100","20","100","2026-03-16T13:22:20.076472+00:00"
"caff07f4-81ca-4b50-8084-deb183b2057c","b07c5edf-5ca8-412f-a38c-1f9ec579b6da","2026-03-16T13:22:53+00:00","6","100","20","100","2026-03-16T13:23:00.202594+00:00"
"afbe9050-390f-4081-9811-73661cad6346","b07c5edf-5ca8-412f-a38c-1f9ec579b6da","2026-03-16T13:35:56+00:00","7","100","20","100","2026-03-16T13:36:03.457922+00:00"
"dc7bf0dd-e433-46ee-9629-b80e97c3cd17","b07c5edf-5ca8-412f-a38c-1f9ec579b6da","2026-03-16T13:37:48+00:00","7","100","21","100","2026-03-16T13:37:54.03797+00:00"
"76f2ce90-bceb-462b-8688-0d42366a7662","b07c5edf-5ca8-412f-a38c-1f9ec579b6da","2026-03-16T13:45:00+00:00","8","100","21","100","2026-03-16T13:45:07.1801+00:00"
"01ebea31-11e9-409e-99df-e10e40378ba8","b07c5edf-5ca8-412f-a38c-1f9ec579b6da","2026-03-16T14:00:21+00:00","9","100","21","100","2026-03-16T14:00:28.049225+00:00"
"299f131a-f0c6-4c2d-b2ea-d5bb0edb62e3","b07c5edf-5ca8-412f-a38c-1f9ec579b6da","2026-03-16T14:14:37+00:00","10","100","22","100","2026-03-16T14:14:45.50287+00:00"
"cd49a980-1b02-4a10-9762-df4b396e0030","b07c5edf-5ca8-412f-a38c-1f9ec579b6da","2026-03-16T14:22:55+00:00","12","100","22","100","2026-03-16T14:23:02.034817+00:00"
"b1128be3-f165-45a6-8c5d-61508bf2acf3","b07c5edf-5ca8-412f-a38c-1f9ec579b6da","2026-03-16T14:24:15+00:00","13","100","22","100","2026-03-16T14:24:22.926612+00:00"
"3dfaddb6-edce-48f1-bbf1-5093cc8988b1","b07c5edf-5ca8-412f-a38c-1f9ec579b6da","2026-03-16T14:29:37+00:00","14","100","23","100","2026-03-16T14:29:43.154832+00:00"
"f95f4ec9-b13b-42c3-898e-e01ac6ca2833","b07c5edf-5ca8-412f-a38c-1f9ec579b6da","2026-03-16T14:57:50+00:00","16","100","23","100","2026-03-16T14:57:56.907643+00:00"
"4504dbcd-c6a5-4f69-b082-5a1b5b588ee2","b07c5edf-5ca8-412f-a38c-1f9ec579b6da","2026-03-16T15:09:31+00:00","17","100","23","100","2026-03-16T15:09:37.298172+00:00"
"66a09970-208b-4eff-99ba-2128e74df66f","b07c5edf-5ca8-412f-a38c-1f9ec579b6da","2026-03-16T15:18:49+00:00","18","100","24","100","2026-03-16T15:18:57.10692+00:00"
"902acd5e-12ab-4aec-bf7e-685107fcf1cb","b07c5edf-5ca8-412f-a38c-1f9ec579b6da","2026-03-16T15:24:28+00:00","19","100","24","100","2026-03-16T15:24:35.581499+00:00"
"1dccf189-3584-43f9-b5ad-a107832304e0","b07c5edf-5ca8-412f-a38c-1f9ec579b6da","2026-03-16T15:50:02+00:00","20","100","24","100","2026-03-16T15:50:09.290997+00:00"
"3ab28f85-18a6-4270-9554-4115b1d51309","b07c5edf-5ca8-412f-a38c-1f9ec579b6da","2026-03-16T16:12:02+00:00","20","100","25","100","2026-03-16T16:12:09.418458+00:00"
"37663fbe-f82b-48de-8b8d-ee6feae1f80e","b07c5edf-5ca8-412f-a38c-1f9ec579b6da","2026-03-16T16:36:07+00:00","21","100","25","100","2026-03-16T16:36:13.571134+00:00"
"07d0569e-3e11-401a-aefc-1226ed8c609d","b07c5edf-5ca8-412f-a38c-1f9ec579b6da","2026-03-16T16:52:01+00:00","0","100","25","100","2026-03-16T16:52:08.629895+00:00"
"926d613d-f93e-4405-8a62-1e6bedc50c43","b07c5edf-5ca8-412f-a38c-1f9ec579b6da","2026-03-16T17:14:22+00:00","1","100","25","100","2026-03-16T17:14:28.808088+00:00"
"cc41a2eb-4c40-48e3-8fdf-3939c937300c","b07c5edf-5ca8-412f-a38c-1f9ec579b6da","2026-03-16T18:25:10+00:00","2","100","26","100","2026-03-16T18:25:17.440132+00:00"
"cfa7c2dd-d140-4da8-9d1d-71cb24182530","b07c5edf-5ca8-412f-a38c-1f9ec579b6da","2026-03-16T19:02:19+00:00","3","100","26","100","2026-03-16T19:02:24.673793+00:00"
"4a25689d-d14e-4b44-830c-4d747da586b7","b07c5edf-5ca8-412f-a38c-1f9ec579b6da","2026-03-16T19:11:00+00:00","4","100","26","100","2026-03-16T19:11:08.468296+00:00"
"d7162143-a1e4-4b1d-b3da-1dac9b48da00","b07c5edf-5ca8-412f-a38c-1f9ec579b6da","2026-03-16T19:17:56+00:00","5","100","26","100","2026-03-16T19:18:03.05572+00:00"
"949cba6e-8901-4404-8365-089495fdbe32","b07c5edf-5ca8-412f-a38c-1f9ec579b6da","2026-03-16T19:31:41+00:00","5","100","27","100","2026-03-16T19:31:47.182435+00:00"
"0383382f-85b2-43b2-8cec-91cbebfaa0a4","b07c5edf-5ca8-412f-a38c-1f9ec579b6da","2026-03-16T19:34:45+00:00","6","100","27","100","2026-03-16T19:34:53.220045+00:00"
"476e32a7-a6f7-42b1-9a83-989a6bc0b6a1","b07c5edf-5ca8-412f-a38c-1f9ec579b6da","2026-03-16T19:42:40+00:00","7","100","27","100","2026-03-16T19:42:46.471381+00:00"
"415a8009-7fe6-4e32-a314-526dae5ba6dd","b07c5edf-5ca8-412f-a38c-1f9ec579b6da","2026-03-16T20:02:54+00:00","8","100","28","100","2026-03-16T20:02:59.920799+00:00"
"0f616930-1513-40cf-a33e-2c2e16eabbf9","b07c5edf-5ca8-412f-a38c-1f9ec579b6da","2026-03-16T20:28:56+00:00","12","100","29","100","2026-03-16T20:29:02.736922+00:00"
"81ed022c-0146-4e8c-b57d-53c4b6ad6167","b07c5edf-5ca8-412f-a38c-1f9ec579b6da","2026-03-16T21:10:33+00:00","15","100","29","100","2026-03-16T21:10:40.652898+00:00"
"10351af6-f0c4-4e4e-a3f6-e57fd295a963","b07c5edf-5ca8-412f-a38c-1f9ec579b6da","2026-03-16T21:25:26+00:00","15","100","30","100","2026-03-16T21:25:33.716374+00:00"
"69c99a89-2e1f-49dd-b17a-9ad2936dbfa2","b07c5edf-5ca8-412f-a38c-1f9ec579b6da","2026-03-16T21:41:44+00:00","16","100","30","100","2026-03-16T21:41:50.517952+00:00"
"75a58366-2d80-4a6a-9298-ba620f48a88c","b07c5edf-5ca8-412f-a38c-1f9ec579b6da","2026-03-17T07:42:43+00:00","1","100","32","100","2026-03-17T07:42:51.251446+00:00"
"84c9a530-1be5-4aca-a980-e2f5ab0a1d06","b07c5edf-5ca8-412f-a38c-1f9ec579b6da","2026-03-17T14:28:20+00:00","6","100","37","100","2026-03-17T14:28:29.05921+00:00"
"1c73d39b-6211-4fd7-a959-ed82134cd474","b07c5edf-5ca8-412f-a38c-1f9ec579b6da","2026-03-19T05:29:10+00:00","3","100","40","100","2026-03-19T05:29:18.534037+00:00"
"fd018a60-11cb-4e6a-bad3-5ae85c71267e","b07c5edf-5ca8-412f-a38c-1f9ec579b6da","2026-03-19T06:10:04+00:00","3","100","40","100","2026-03-19T06:10:12.674605+00:00"
"23441752-8401-4af3-9447-b82013aa4cf8","b07c5edf-5ca8-412f-a38c-1f9ec579b6da","2026-03-19T07:10:43+00:00","2","100","41","100","2026-03-19T07:10:50.801448+00:00"
"23b5fffe-11dc-4766-a260-570968743f21","b07c5edf-5ca8-412f-a38c-1f9ec579b6da","2026-03-19T07:17:15+00:00","4","100","41","100","2026-03-19T07:17:23.526078+00:00"
"fd4e5a1c-fb1b-4789-b590-5301a4050ee5","b07c5edf-5ca8-412f-a38c-1f9ec579b6da","2026-03-19T07:20:32+00:00","5","100","42","100","2026-03-19T07:20:39.872018+00:00"
"5e955cb8-93e9-48d2-9b02-4fdbbc286827","b07c5edf-5ca8-412f-a38c-1f9ec579b6da","2026-03-19T07:33:47+00:00","8","100","43","100","2026-03-19T07:33:55.852057+00:00"
"fd8cc3b7-80ab-40c8-a46b-fd4bb0ceb509","b07c5edf-5ca8-412f-a38c-1f9ec579b6da","2026-03-19T07:42:35+00:00","9","100","43","100","2026-03-19T07:42:44.188227+00:00"
"264e9b07-13f5-4679-9423-83562adf42d3","b07c5edf-5ca8-412f-a38c-1f9ec579b6da","2026-03-19T07:51:26+00:00","10","100","43","100","2026-03-19T07:51:34.574539+00:00"
"c11590b3-b9ec-4b0e-b74f-691d21020ebe","b07c5edf-5ca8-412f-a38c-1f9ec579b6da","2026-03-19T08:15:27+00:00","13","100","44","100","2026-03-19T08:15:36.116071+00:00"
"ec289a1b-a753-489a-8de1-d4b57e414a5e","b07c5edf-5ca8-412f-a38c-1f9ec579b6da","2026-03-19T08:33:42+00:00","14","100","44","100","2026-03-19T08:33:50.661524+00:00"
"c92eb9c4-dbe1-4552-8f08-cef4b16780f9","b07c5edf-5ca8-412f-a38c-1f9ec579b6da","2026-03-19T08:58:08+00:00","16","100","45","100","2026-03-19T08:58:18.219516+00:00"
"a748a066-c09b-4717-9929-e2d3a77bcd3d","b07c5edf-5ca8-412f-a38c-1f9ec579b6da","2026-03-19T09:12:48+00:00","18","100","46","100","2026-03-19T09:12:56.792872+00:00"
"55f4f709-4d58-4755-b618-b9f91f07fa8c","b07c5edf-5ca8-412f-a38c-1f9ec579b6da","2026-03-19T10:03:01+00:00","21","100","47","100","2026-03-19T10:03:10.140002+00:00"
"461e9a97-708a-4a00-9040-1583b253bc7a","b07c5edf-5ca8-412f-a38c-1f9ec579b6da","2026-03-19T11:06:39+00:00","23","100","47","100","2026-03-19T11:06:48.143342+00:00"
"18d3b1ae-231e-4c2c-bb3f-b2d748968b04","b07c5edf-5ca8-412f-a38c-1f9ec579b6da","2026-03-19T11:12:55+00:00","24","100","47","100","2026-03-19T11:13:03.690635+00:00"
"849bfb7c-48fb-4eb2-8e91-23a9ac96b37a","b07c5edf-5ca8-412f-a38c-1f9ec579b6da","2026-03-19T11:25:33+00:00","24","100","48","100","2026-03-19T11:25:42.344143+00:00"
"b223d950-9889-4d41-8f6a-b38ba49c54f1","b07c5edf-5ca8-412f-a38c-1f9ec579b6da","2026-03-19T11:31:27+00:00","25","100","48","100","2026-03-19T11:31:35.913175+00:00"
"93bb1e7a-2325-483e-8293-a152b5c430cc","b07c5edf-5ca8-412f-a38c-1f9ec579b6da","2026-03-19T11:42:14+00:00","0","100","48","100","2026-03-19T11:42:23.220476+00:00"
"6dc17145-a49f-4de0-9071-506840b91228","b07c5edf-5ca8-412f-a38c-1f9ec579b6da","2026-03-19T11:56:56+00:00","1","100","48","100","2026-03-19T11:57:05.157473+00:00"
"95cb178c-17f7-44a4-b41b-d3cf6017d2f0","b07c5edf-5ca8-412f-a38c-1f9ec579b6da","2026-03-19T12:11:23+00:00","2","100","48","100","2026-03-19T12:11:31.958362+00:00"
"04e81cd8-7b60-4b66-a6ff-f815d154e26b","b07c5edf-5ca8-412f-a38c-1f9ec579b6da","2026-03-19T12:15:45+00:00","2","100","49","100","2026-03-19T12:15:54.88748+00:00"
"34536943-f5ea-41ab-bb2f-ac1381f726da","b07c5edf-5ca8-412f-a38c-1f9ec579b6da","2026-03-19T12:27:51+00:00","3","100","49","100","2026-03-19T12:27:59.617544+00:00"
"01af3f71-1903-4fbb-8a8a-63500ac3dafa","b07c5edf-5ca8-412f-a38c-1f9ec579b6da","2026-03-19T12:45:00+00:00","4","100","49","100","2026-03-19T12:45:08.825287+00:00"
"3fccda5a-f930-48c6-bb79-41284cc117be","b07c5edf-5ca8-412f-a38c-1f9ec579b6da","2026-03-19T12:53:45+00:00","5","100","49","100","2026-03-19T12:53:53.840869+00:00"
"63223a02-ceed-4c47-aa2f-018c5163e906","b07c5edf-5ca8-412f-a38c-1f9ec579b6da","2026-03-19T13:05:49+00:00","5","100","50","100","2026-03-19T13:05:59.243058+00:00"
"133c8316-a62d-419f-b2ee-8892a0c80850","b07c5edf-5ca8-412f-a38c-1f9ec579b6da","2026-03-19T13:16:01+00:00","6","100","50","100","2026-03-19T13:16:09.360645+00:00"
"9db595e3-64b5-451b-9416-d4c720cc9dde","b07c5edf-5ca8-412f-a38c-1f9ec579b6da","2026-03-19T13:39:59+00:00","9","100","51","100","2026-03-19T13:40:09.042672+00:00"
"179b31b7-30ad-4843-a09a-9d00d52aac51","b07c5edf-5ca8-412f-a38c-1f9ec579b6da","2026-03-19T13:46:20+00:00","10","100","51","100","2026-03-19T13:46:29.872956+00:00"
"af67e6fd-cb24-4f61-b958-3fbde5865679","b07c5edf-5ca8-412f-a38c-1f9ec579b6da","2026-03-19T13:50:27+00:00","11","100","51","100","2026-03-19T13:50:37.744842+00:00"
"56d74875-e9b4-49c5-8e11-84911e54bab4","b07c5edf-5ca8-412f-a38c-1f9ec579b6da","2026-03-19T14:09:17+00:00","15","100","52","100","2026-03-19T14:09:25.563817+00:00"
"8ccaa923-06ed-4c19-acc7-77460be38497","b07c5edf-5ca8-412f-a38c-1f9ec579b6da","2026-03-19T14:16:58+00:00","15","100","53","100","2026-03-19T14:17:07.493142+00:00"
"826bd30e-8430-4bc0-b002-742f2e5d9c13","b07c5edf-5ca8-412f-a38c-1f9ec579b6da","2026-03-19T14:54:58+00:00","17","100","53","100","2026-03-19T14:55:07.1012+00:00"
"d2863517-7e4a-4c16-9a5c-cbe28da2eb56","b07c5edf-5ca8-412f-a38c-1f9ec579b6da","2026-03-19T15:04:43+00:00","18","100","53","100","2026-03-19T15:04:52.691914+00:00"
"ba80e67c-ce4c-4335-bd57-74d5631aecec","b07c5edf-5ca8-412f-a38c-1f9ec579b6da","2026-03-19T15:18:54+00:00","19","100","54","100","2026-03-19T15:19:02.053443+00:00"
"ac259d06-4bfe-44a8-8d77-038748801ee8","b07c5edf-5ca8-412f-a38c-1f9ec579b6da","2026-03-19T15:26:19+00:00","20","100","54","100","2026-03-19T15:26:27.60104+00:00"
"87806544-611c-4aaa-90e8-29f57362b953","b07c5edf-5ca8-412f-a38c-1f9ec579b6da","2026-03-19T16:04:10+00:00","22","100","55","100","2026-03-19T16:04:17.786974+00:00"
"c085a1a0-0a25-40af-a086-9d679e0b22c0","b07c5edf-5ca8-412f-a38c-1f9ec579b6da","2026-03-19T16:21:12+00:00","23","100","55","100","2026-03-19T16:21:21.515671+00:00"
"08a25ff5-9119-44f8-9e12-fd2e3e7999d7","b07c5edf-5ca8-412f-a38c-1f9ec579b6da","2026-03-19T16:38:57+00:00","24","100","55","100","2026-03-19T16:39:05.418402+00:00"
"46e6c81d-6a5d-447e-929d-f690d2c99dc7","b07c5edf-5ca8-412f-a38c-1f9ec579b6da","2026-03-19T16:51:04+00:00","1","100","55","100","2026-03-19T16:51:13.180004+00:00"
"06458402-8c48-4a5e-b620-49018728d8ea","b07c5edf-5ca8-412f-a38c-1f9ec579b6da","2026-03-19T17:08:15+00:00","2","100","56","100","2026-03-19T17:08:23.084284+00:00"
"2af89c6b-3a94-4a79-bf2b-3cb392926a55","b07c5edf-5ca8-412f-a38c-1f9ec579b6da","2026-03-19T17:16:58+00:00","3","100","56","100","2026-03-19T17:17:06.528639+00:00"
"b71d470f-df97-4d79-b326-85ddc1dcfa0f","b07c5edf-5ca8-412f-a38c-1f9ec579b6da","2026-03-19T17:42:29+00:00","4","100","56","100","2026-03-19T17:42:37.533641+00:00"
"0c9266fe-4bba-4ac9-beb1-83dd8222f4cd","b07c5edf-5ca8-412f-a38c-1f9ec579b6da","2026-03-20T01:48:37+00:00","0","100","56","100","2026-03-20T01:48:47.419562+00:00"
"5c71ea2a-199b-42e1-a84a-322604c9082f","b07c5edf-5ca8-412f-a38c-1f9ec579b6da","2026-03-20T02:36:49+00:00","1","100","56","100","2026-03-20T02:36:59.922037+00:00"
"787b50a0-2252-4286-8916-b72d60ac82ff","b07c5edf-5ca8-412f-a38c-1f9ec579b6da","2026-03-20T03:01:23+00:00","1","100","57","100","2026-03-20T03:01:32.067491+00:00"
"266f8b7d-8805-4fcf-99bd-366122e7e3e7","b07c5edf-5ca8-412f-a38c-1f9ec579b6da","2026-03-20T04:34:23+00:00","3","100","57","100","2026-03-20T04:34:33.825177+00:00"
"6426e238-e5e6-4f3f-9f6a-fd09525d5ce1","b07c5edf-5ca8-412f-a38c-1f9ec579b6da","2026-03-20T04:44:25+00:00","4","100","57","100","2026-03-20T04:44:34.77245+00:00"
"2b60c76d-f983-4bfa-96bc-58792ec0f381","b07c5edf-5ca8-412f-a38c-1f9ec579b6da","2026-03-20T05:15:17+00:00","5","100","58","100","2026-03-20T05:15:26.416217+00:00"
"a46d9d8e-1843-40a2-af95-cf9a86a0cd5d","b07c5edf-5ca8-412f-a38c-1f9ec579b6da","2026-03-20T05:34:50+00:00","6","100","58","100","2026-03-20T05:34:59.831881+00:00"
"c10a290a-225b-4db1-800f-9ce5fc59299b","b07c5edf-5ca8-412f-a38c-1f9ec579b6da","2026-03-20T06:51:07+00:00","0","100","59","100","2026-03-20T06:51:16.568114+00:00"
"557c57a5-95c2-480e-9926-0d7adf183302","b07c5edf-5ca8-412f-a38c-1f9ec579b6da","2026-03-20T06:53:06+00:00","1","100","59","100","2026-03-20T06:53:14.677604+00:00"
"a643a845-bb28-4e19-b0ac-bd8f416bfb88","b07c5edf-5ca8-412f-a38c-1f9ec579b6da","2026-03-20T07:18:13+00:00","2","100","59","100","2026-03-20T07:18:22.164004+00:00"
"2c8e4f4d-630b-4d81-b8b8-3e1c43737b80","b07c5edf-5ca8-412f-a38c-1f9ec579b6da","2026-03-20T07:52:48+00:00","3","100","60","100","2026-03-20T07:52:57.876069+00:00"
"8b1dbbe4-6da9-441f-b426-ff919e9e977f","b07c5edf-5ca8-412f-a38c-1f9ec579b6da","2026-03-20T08:00:37+00:00","4","100","60","100","2026-03-20T08:00:45.125927+00:00"
"b85af4a1-1950-4640-b88a-16510d63a41b","b07c5edf-5ca8-412f-a38c-1f9ec579b6da","2026-03-20T08:12:00+00:00","5","100","60","100","2026-03-20T08:12:09.627038+00:00"
"5d27ebfb-1330-4992-a790-2ed555815b7a","b07c5edf-5ca8-412f-a38c-1f9ec579b6da","2026-03-20T09:03:16+00:00","7","100","61","100","2026-03-20T09:03:26.463864+00:00"
"4e8ae626-e94d-4036-8adb-d1d8fd581b4e","b07c5edf-5ca8-412f-a38c-1f9ec579b6da","2026-03-20T09:13:37+00:00","8","100","61","100","2026-03-20T09:13:47.494157+00:00"
"55e2d877-fd53-47eb-aab9-317475400bbe","b07c5edf-5ca8-412f-a38c-1f9ec579b6da","2026-03-20T09:32:04+00:00","11","100","62","100","2026-03-20T09:32:13.39735+00:00"
"39861e31-d75e-482d-892e-9e2a08f008d5","b07c5edf-5ca8-412f-a38c-1f9ec579b6da","2026-03-20T09:37:58+00:00","12","100","62","100","2026-03-20T09:38:08.550358+00:00"
"ea4c0add-6357-4855-9aeb-ef4060e89818","b07c5edf-5ca8-412f-a38c-1f9ec579b6da","2026-03-20T10:03:59+00:00","14","100","63","100","2026-03-20T10:04:09.726269+00:00"
"04f48562-2291-43ed-b59d-c15af1a8cf23","b07c5edf-5ca8-412f-a38c-1f9ec579b6da","2026-03-20T10:11:26+00:00","15","100","63","100","2026-03-20T10:11:34.706924+00:00"
"313f81cd-fa57-4d3b-b96a-3e7012be97d1","b07c5edf-5ca8-412f-a38c-1f9ec579b6da","2026-03-20T10:30:47+00:00","16","100","63","100","2026-03-20T10:30:57.916106+00:00"
"3b80cc9b-b4c0-4811-bf9d-96a452b595f6","b07c5edf-5ca8-412f-a38c-1f9ec579b6da","2026-03-20T10:44:21+00:00","17","100","64","100","2026-03-20T10:44:30.804219+00:00"
"abd67045-999d-4128-acd7-f5beb3569aed","b07c5edf-5ca8-412f-a38c-1f9ec579b6da","2026-03-20T10:51:54+00:00","18","100","64","100","2026-03-20T10:52:04.574649+00:00"
"65a69cd0-af46-4d90-9e95-247daacf9ac3","b07c5edf-5ca8-412f-a38c-1f9ec579b6da","2026-03-20T11:13:43+00:00","19","100","64","100","2026-03-20T11:13:53.303067+00:00"
"bd436f6e-cd63-4966-af9f-54053b7fc08b","b07c5edf-5ca8-412f-a38c-1f9ec579b6da","2026-03-20T11:22:01+00:00","20","100","64","100","2026-03-20T11:22:11.046985+00:00"
"df72a495-e0ae-4a3f-8f3a-ff4057664246","b07c5edf-5ca8-412f-a38c-1f9ec579b6da","2026-03-20T11:24:07+00:00","20","100","65","100","2026-03-20T11:24:16.3988+00:00"
"c391e70b-847e-42ac-b16f-cca71004504f","b07c5edf-5ca8-412f-a38c-1f9ec579b6da","2026-03-20T11:31:18+00:00","21","100","65","100","2026-03-20T11:31:29.20557+00:00"
"06d1c5fe-41ee-4d00-ba7d-b910f4702d80","b07c5edf-5ca8-412f-a38c-1f9ec579b6da","2026-03-20T11:36:52+00:00","22","100","65","100","2026-03-20T11:37:02.148575+00:00"
"4315cfde-34c4-4b85-9aae-84d8fa4ca719","b07c5edf-5ca8-412f-a38c-1f9ec579b6da","2026-03-20T11:47:45+00:00","23","100","65","100","2026-03-20T11:47:55.436965+00:00"
"45082e00-bfa6-4b9c-9e5c-ce1cb42edf17","b07c5edf-5ca8-412f-a38c-1f9ec579b6da","2026-03-20T12:04:36+00:00","1","100","66","100","2026-03-20T12:04:46.916146+00:00"
"d6531ac2-3797-4148-b9cc-2c7e1a4c1f93","b07c5edf-5ca8-412f-a38c-1f9ec579b6da","2026-03-20T12:14:04+00:00","2","100","66","100","2026-03-20T12:14:12.908267+00:00"
"87e2635e-de4a-412f-b49f-68dabd8786e2","b07c5edf-5ca8-412f-a38c-1f9ec579b6da","2026-03-20T12:45:07+00:00","3","100","66","100","2026-03-20T12:45:17.895941+00:00"
"07c136f9-f849-4c72-8cb8-bb2a048a2c9e","b07c5edf-5ca8-412f-a38c-1f9ec579b6da","2026-03-20T13:08:46+00:00","5","100","67","100","2026-03-20T13:08:58.600103+00:00"
"caea1dd0-f36b-4f69-890f-51e1e955348d","b07c5edf-5ca8-412f-a38c-1f9ec579b6da","2026-03-20T13:21:02+00:00","6","100","67","100","2026-03-20T13:21:12.21225+00:00"
"85a2f059-44a0-4be9-9626-cbf95863184c","b07c5edf-5ca8-412f-a38c-1f9ec579b6da","2026-03-20T13:43:29+00:00","8","100","68","100","2026-03-20T13:43:39.511712+00:00"
"625e1c36-92aa-4775-9607-e07f97c601b0","b07c5edf-5ca8-412f-a38c-1f9ec579b6da","2026-03-20T13:47:05+00:00","9","100","68","100","2026-03-20T13:47:15.838655+00:00"
"c8276340-c31c-4d0b-8da4-e6135b562447","b07c5edf-5ca8-412f-a38c-1f9ec579b6da","2026-03-20T13:58:00+00:00","10","100","68","100","2026-03-20T13:58:10.621871+00:00"
"c63bf5f1-4fb1-4fdd-aa0e-5a2349065d9e","b07c5edf-5ca8-412f-a38c-1f9ec579b6da","2026-03-20T14:08:34+00:00","11","100","69","100","2026-03-20T14:08:43.11282+00:00"
"6cd72002-634d-4e4d-87fa-733ccaa4e82e","b07c5edf-5ca8-412f-a38c-1f9ec579b6da","2026-03-20T14:31:03+00:00","12","100","69","100","2026-03-20T14:31:13.910967+00:00"
"355cebe5-e21d-424e-940e-b5004d73a632","b07c5edf-5ca8-412f-a38c-1f9ec579b6da","2026-03-20T14:39:28+00:00","12","100","69","100","2026-03-20T14:39:28.949904+00:00"
"ab754731-1b29-4789-8d6d-36b1ad0a6fd4","b07c5edf-5ca8-412f-a38c-1f9ec579b6da","2026-03-20T14:41:54+00:00","12","100","0","100","2026-03-20T14:42:04.103352+00:00"
"474ca5af-0d44-4798-a056-f676bfac69fb","b07c5edf-5ca8-412f-a38c-1f9ec579b6da","2026-03-20T15:24:10+00:00","13","100","0","100","2026-03-20T15:24:20.342994+00:00"
"e1a30d21-4fe2-41ec-9af4-0e55af57aa54","b07c5edf-5ca8-412f-a38c-1f9ec579b6da","2026-03-20T15:57:24+00:00","14","100","0","100","2026-03-20T15:57:34.774452+00:00"
"da9a7496-ac95-448d-a281-09dce2729082","b07c5edf-5ca8-412f-a38c-1f9ec579b6da","2026-03-20T16:05:44+00:00","14","100","1","100","2026-03-20T16:05:53.382573+00:00"
"b41469b6-7858-4e39-8dc9-6a34e4bf0206","b07c5edf-5ca8-412f-a38c-1f9ec579b6da","2026-03-20T16:53:30+00:00","0","100","1","100","2026-03-20T16:53:40.356676+00:00"
"0f4d4b81-707c-46b8-bc3b-fe65eb63a3ab","b07c5edf-5ca8-412f-a38c-1f9ec579b6da","2026-03-20T17:38:34+00:00","1","100","1","100","2026-03-20T17:38:44.174078+00:00"
"c3b81d77-af2a-495c-865a-505e164296e5","b07c5edf-5ca8-412f-a38c-1f9ec579b6da","2026-03-20T17:59:49+00:00","2","100","2","100","2026-03-20T17:59:59.156005+00:00"
"f23a5ad6-fccb-41b3-983a-39f81940fe63","b07c5edf-5ca8-412f-a38c-1f9ec579b6da","2026-03-21T03:01:14+00:00","0","100","2","100","2026-03-21T03:01:22.726289+00:00"
"480138b7-28c1-4820-a154-d12d764242eb","b07c5edf-5ca8-412f-a38c-1f9ec579b6da","2026-03-21T05:28:52+00:00","0","100","2","100","2026-03-21T05:29:02.439059+00:00"
"e7027165-fbc9-41f4-9e6d-c20fdc6ac5fb","b07c5edf-5ca8-412f-a38c-1f9ec579b6da","2026-03-21T09:24:23+00:00","0","100","2","100","2026-03-21T09:24:35.312508+00:00"
"87bb79ab-5009-4cbc-af05-ae79d8b680ec","b07c5edf-5ca8-412f-a38c-1f9ec579b6da","2026-03-21T10:20:20+00:00","0","100","2","100","2026-03-21T10:20:30.188371+00:00"
"8a92d1a8-0cc4-4c22-9f26-5fe1729b8a7b","b07c5edf-5ca8-412f-a38c-1f9ec579b6da","2026-03-21T14:49:40+00:00","0","100","2","100","2026-03-21T14:49:50.751349+00:00"
"01f826f8-d346-4a9a-9d25-bad3e03e7987","b07c5edf-5ca8-412f-a38c-1f9ec579b6da","2026-03-21T15:48:15+00:00","0","100","2","100","2026-03-21T15:48:25.924775+00:00"
"84eb32f6-5178-45b6-96ab-7ee98dd4c128","b07c5edf-5ca8-412f-a38c-1f9ec579b6da","2026-03-21T16:22:57+00:00","2","100","2","100","2026-03-21T16:23:06.863892+00:00"
"92b8b9e7-b5d0-45f8-a401-05559e99e979","b07c5edf-5ca8-412f-a38c-1f9ec579b6da","2026-03-21T16:44:08+00:00","4","100","3","100","2026-03-21T16:44:20.152156+00:00"
"f90daa4e-e7eb-4834-bd9e-fbd2bdedee60","b07c5edf-5ca8-412f-a38c-1f9ec579b6da","2026-03-21T16:53:06+00:00","5","100","3","100","2026-03-21T16:53:15.549355+00:00"
"fe5f9725-d4cf-4e5c-b820-e96d4326e65a","b07c5edf-5ca8-412f-a38c-1f9ec579b6da","2026-03-21T17:05:16+00:00","6","100","4","100","2026-03-21T17:05:25.488586+00:00"
"9244823a-ca44-45a5-bc89-2029e2684321","b07c5edf-5ca8-412f-a38c-1f9ec579b6da","2026-03-21T17:07:54+00:00","7","100","4","100","2026-03-21T17:08:03.378584+00:00"
"140d1359-3ebf-4928-9f30-c7d537afcc02","b07c5edf-5ca8-412f-a38c-1f9ec579b6da","2026-03-21T17:29:16+00:00","8","100","4","100","2026-03-21T17:29:26.076398+00:00"
"b1b2a8c0-c106-4226-8b0d-97cb264fad88","b07c5edf-5ca8-412f-a38c-1f9ec579b6da","2026-03-21T17:42:38+00:00","9","100","4","100","2026-03-21T17:42:49.349044+00:00"
"4b54748a-3ef0-4303-b6a0-d19c24f25477","b07c5edf-5ca8-412f-a38c-1f9ec579b6da","2026-03-22T01:33:20+00:00","0","100","5","100","2026-03-22T01:33:30.984138+00:00"
"c9a8e259-e21a-481d-85bc-52cf9f0dd4d7","b07c5edf-5ca8-412f-a38c-1f9ec579b6da","2026-03-22T08:06:53+00:00","0","100","5","100","2026-03-22T08:07:03.986541+00:00"
"4fdceacc-fdaf-4f28-afc3-9dff0c308ec9","b07c5edf-5ca8-412f-a38c-1f9ec579b6da","2026-03-22T12:16:41+00:00","0","100","5","100","2026-03-22T12:16:52.180992+00:00"
"962f7571-b48b-4ac5-96fc-4f9b9d2247e5","b07c5edf-5ca8-412f-a38c-1f9ec579b6da","2026-03-22T15:34:58+00:00","2","100","6","100","2026-03-22T15:35:08.844244+00:00"
"e7a2c6ef-6576-44b4-aef5-6f6481c0cb9f","b07c5edf-5ca8-412f-a38c-1f9ec579b6da","2026-03-22T15:38:08+00:00","3","100","6","100","2026-03-22T15:38:19.563609+00:00"
"4baae7f4-5524-4ee4-bd61-7d493b2cc1d1","b07c5edf-5ca8-412f-a38c-1f9ec579b6da","2026-03-22T16:06:41+00:00","1","100","6","100","2026-03-22T16:06:51.180564+00:00"
"774f5835-7171-47a7-bce2-0653f0536884","b07c5edf-5ca8-412f-a38c-1f9ec579b6da","2026-03-23T02:36:19+00:00","0","100","7","100","2026-03-23T02:36:30.064808+00:00"
"cbc09920-e44e-4afe-9baa-078b8454c957","b07c5edf-5ca8-412f-a38c-1f9ec579b6da","2026-03-23T07:07:22+00:00","0","100","7","100","2026-03-23T07:07:35.054892+00:00"
"e64981b4-bca4-4c92-8936-109eeb930402","b07c5edf-5ca8-412f-a38c-1f9ec579b6da","2026-03-23T07:12:40+00:00","1","100","8","100","2026-03-23T07:12:50.966469+00:00"
"dd64684f-9c00-48a4-b747-d05d634342dc","b07c5edf-5ca8-412f-a38c-1f9ec579b6da","2026-03-23T07:14:24+00:00","2","100","8","100","2026-03-23T07:14:35.416661+00:00"
"9e2697f8-fc44-448e-93de-3936765ba755","b07c5edf-5ca8-412f-a38c-1f9ec579b6da","2026-03-23T07:40:25+00:00","0","100","8","100","2026-03-23T07:40:35.885578+00:00"
"375eae65-fbe6-4a9d-81b3-bd741675ad5a","b07c5edf-5ca8-412f-a38c-1f9ec579b6da","2026-03-23T08:02:38+00:00","2","100","9","100","2026-03-23T08:02:48.182596+00:00"
"1a09e20e-1a8f-4217-941d-fce751f2ae69","b07c5edf-5ca8-412f-a38c-1f9ec579b6da","2026-03-23T08:05:15+00:00","3","100","9","100","2026-03-23T08:05:26.076705+00:00"
"ea8095d8-d5f9-4c43-9e90-fbb672271029","b07c5edf-5ca8-412f-a38c-1f9ec579b6da","2026-03-23T08:36:11+00:00","4","100","9","100","2026-03-23T08:36:24.172152+00:00"
"6693d6b7-fc23-41a6-8a1c-110b27639977","b07c5edf-5ca8-412f-a38c-1f9ec579b6da","2026-03-23T08:43:32+00:00","5","100","9","100","2026-03-23T08:43:43.172715+00:00"
"afe90dcd-27bc-4357-9417-1ed082bd9abe","b07c5edf-5ca8-412f-a38c-1f9ec579b6da","2026-03-23T09:03:52+00:00","6","100","10","100","2026-03-23T09:04:03.009707+00:00"
"c0d0130b-d6ac-40c6-add5-9048f8e08dd9","b07c5edf-5ca8-412f-a38c-1f9ec579b6da","2026-03-23T10:31:08+00:00","9","100","11","100","2026-03-23T10:31:19.157673+00:00"
"dfceb41e-bea6-4cca-a8d6-fc64a4c17435","b07c5edf-5ca8-412f-a38c-1f9ec579b6da","2026-03-23T10:42:32+00:00","10","100","11","100","2026-03-23T10:42:43.585499+00:00"
"7394b712-a0ce-496b-8405-905d479627e7","b07c5edf-5ca8-412f-a38c-1f9ec579b6da","2026-03-23T10:47:07+00:00","11","100","11","100","2026-03-23T10:47:17.695069+00:00"
"fa5e4040-d973-4d37-8fcf-bf956fd9aa3c","b07c5edf-5ca8-412f-a38c-1f9ec579b6da","2026-03-23T11:49:06+00:00","12","100","11","100","2026-03-23T11:49:18.511956+00:00"
"7b75054a-4a86-473d-a1e1-30551c089236","b07c5edf-5ca8-412f-a38c-1f9ec579b6da","2026-03-23T13:14:53+00:00","2","100","12","100","2026-03-23T13:15:07.788131+00:00"
"5c164f71-b4a4-4d68-a3fe-dac970882589","b07c5edf-5ca8-412f-a38c-1f9ec579b6da","2026-03-23T15:39:37+00:00","7","100","14","100","2026-03-23T15:39:47.499151+00:00"
"1d64af41-c18a-43ab-81f6-2584ad239c8b","b07c5edf-5ca8-412f-a38c-1f9ec579b6da","2026-03-23T16:32:43+00:00","8","100","14","100","2026-03-23T16:32:53.663454+00:00"
"37d25c9a-c62f-4282-a25b-33bfc02b32d0","b07c5edf-5ca8-412f-a38c-1f9ec579b6da","2026-03-23T18:12:06+00:00","0","100","14","100","2026-03-23T18:12:16.323667+00:00"
"5b0d0b4f-3c07-440f-b2fc-d1769e1073fc","b07c5edf-5ca8-412f-a38c-1f9ec579b6da","2026-03-24T04:38:55+00:00","0","100","14","100","2026-03-24T04:39:06.896907+00:00"
"c6b215e8-7530-4e81-8131-0ed1048a591c","b07c5edf-5ca8-412f-a38c-1f9ec579b6da","2026-03-24T06:50:32+00:00","2","100","15","100","2026-03-24T07:00:47.869722+00:00"
"984c4124-b254-4d68-83f4-bb37d090d2f6","b07c5edf-5ca8-412f-a38c-1f9ec579b6da","2026-03-25T06:58:58+00:00","0","100","16","100","2026-03-25T06:59:09.999487+00:00"
"5d720e93-2957-4486-9bb1-428fb549c273","b07c5edf-5ca8-412f-a38c-1f9ec579b6da","2026-03-25T08:10:34+00:00","1","100","17","100","2026-03-25T08:10:45.206401+00:00"
"116b1bcd-ddce-4bf7-8110-3c9157cab494","b07c5edf-5ca8-412f-a38c-1f9ec579b6da","2026-03-25T08:50:58+00:00","2","100","17","100","2026-03-25T08:51:09.928769+00:00"
"8ea58c95-f39f-406a-a1d6-faec823796de","b07c5edf-5ca8-412f-a38c-1f9ec579b6da","2026-03-25T09:03:04+00:00","3","100","17","100","2026-03-25T09:03:15.595235+00:00"
"eedf393b-ba48-465e-adba-ac85201bfe58","b07c5edf-5ca8-412f-a38c-1f9ec579b6da","2026-03-25T09:50:36+00:00","5","100","18","100","2026-03-25T09:50:48.0824+00:00"
"88307ce1-661c-4483-84ea-dd98626d202b","b07c5edf-5ca8-412f-a38c-1f9ec579b6da","2026-03-25T10:09:38+00:00","6","100","18","100","2026-03-25T10:09:52.347484+00:00"
"a5627621-8723-44e2-b552-522f8d913ab3","b07c5edf-5ca8-412f-a38c-1f9ec579b6da","2026-03-25T10:21:52+00:00","7","100","18","100","2026-03-25T10:22:03.714686+00:00"
"9325fad6-3de0-4990-a4f8-9be9f0aaf2e0","b07c5edf-5ca8-412f-a38c-1f9ec579b6da","2026-03-25T11:04:02+00:00","8","100","19","100","2026-03-25T11:04:12.45944+00:00"
"e3c60b9f-ce68-4911-8857-aaf125f8f939","b07c5edf-5ca8-412f-a38c-1f9ec579b6da","2026-03-25T11:35:43+00:00","11","100","20","100","2026-03-25T11:35:54.133801+00:00"
"4e50b007-73b2-4039-99b0-9b33ee73b849","b07c5edf-5ca8-412f-a38c-1f9ec579b6da","2026-03-25T11:57:02+00:00","13","100","20","100","2026-03-25T11:57:14.492614+00:00"
"33861852-c256-4e75-b31e-fcf01e22b8b1","b07c5edf-5ca8-412f-a38c-1f9ec579b6da","2026-03-25T11:59:54+00:00","0","100","20","100","2026-03-25T12:00:05.843078+00:00"
"03e02061-f5ab-427b-ad62-5cd72a6fed7e","b07c5edf-5ca8-412f-a38c-1f9ec579b6da","2026-03-25T12:46:04+00:00","1","100","21","100","2026-03-25T12:46:18.932913+00:00"
"a3b1a36d-2e6b-4f95-ba8d-4fba7dfe77c6","b07c5edf-5ca8-412f-a38c-1f9ec579b6da","2026-03-25T13:14:02+00:00","6","100","22","100","2026-03-25T13:14:13.879325+00:00"
"6db53887-277a-447e-9168-03ff9a6a771d","b07c5edf-5ca8-412f-a38c-1f9ec579b6da","2026-03-25T13:32:33+00:00","8","100","23","100","2026-03-25T13:32:45.132763+00:00"
"230c555e-b273-4ac8-8714-d6156a9befe5","b07c5edf-5ca8-412f-a38c-1f9ec579b6da","2026-03-25T14:13:33+00:00","9","100","23","100","2026-03-25T14:13:44.799518+00:00"
"39af1978-2826-4486-9409-f7aa91c365f9","b07c5edf-5ca8-412f-a38c-1f9ec579b6da","2026-03-25T14:26:53+00:00","11","100","23","100","2026-03-25T14:27:07.502544+00:00"
"6fc9b3a9-e72d-4ec4-80a2-a0925d9de651","b07c5edf-5ca8-412f-a38c-1f9ec579b6da","2026-03-25T16:09:10+00:00","12","100","24","100","2026-03-25T16:09:21.496542+00:00"
"8421edb6-9b85-4579-918a-c51148bdd6b7","b07c5edf-5ca8-412f-a38c-1f9ec579b6da","2026-03-25T16:54:17+00:00","13","100","24","100","2026-03-25T16:54:28.644583+00:00"
"0ebddfdc-00b0-41e1-a533-3d84c8eb236e","b07c5edf-5ca8-412f-a38c-1f9ec579b6da","2026-03-25T17:00:33+00:00","0","100","24","100","2026-03-25T17:00:44.926631+00:00"
"8ffa7064-ffc2-460a-813f-c958ac7a334c","b07c5edf-5ca8-412f-a38c-1f9ec579b6da","2026-03-25T17:43:34+00:00","4","100","25","100","2026-03-25T17:43:46.498468+00:00"
"c5ccc734-2fd6-46fb-a463-ee721d1b90db","b07c5edf-5ca8-412f-a38c-1f9ec579b6da","2026-03-25T17:59:15+00:00","5","100","25","100","2026-03-25T17:59:26.085025+00:00"
"4a11acec-2de1-4ccf-9642-77b9dde376af","b07c5edf-5ca8-412f-a38c-1f9ec579b6da","2026-03-25T18:12:01+00:00","6","100","26","100","2026-03-25T18:12:12.165609+00:00"
"36ab4fb2-c960-4505-a3a8-54762301c20d","b07c5edf-5ca8-412f-a38c-1f9ec579b6da","2026-03-25T18:30:42+00:00","8","100","26","100","2026-03-25T18:30:53.303566+00:00"
"20c36563-7087-45cc-bbe6-6ae4859c798d","b07c5edf-5ca8-412f-a38c-1f9ec579b6da","2026-03-25T18:44:51+00:00","9","100","27","100","2026-03-25T18:45:02.319248+00:00"
"dd599a86-3d5a-45ee-914a-76570e142e28","b07c5edf-5ca8-412f-a38c-1f9ec579b6da","2026-03-26T10:53:26+00:00","7","100","29","100","2026-03-26T10:53:47.492283+00:00"
"2b1abd36-cc0c-4a50-8706-6dd016584a0f","b07c5edf-5ca8-412f-a38c-1f9ec579b6da","2026-03-26T11:05:34+00:00","8","100","29","100","2026-03-26T11:05:47.058772+00:00"
"894e3a00-2abb-46f1-a6e2-18c8a926e769","b07c5edf-5ca8-412f-a38c-1f9ec579b6da","2026-03-26T11:13:29+00:00","9","100","30","100","2026-03-26T11:13:41.560978+00:00"
"e936e878-7ff2-4c7a-b008-1bc7f12772ea","b07c5edf-5ca8-412f-a38c-1f9ec579b6da","2026-03-26T12:53:18+00:00","11","100","30","100","2026-03-26T12:53:31.781779+00:00"
"ed10db19-3138-4a03-8de1-2611484b086d","b07c5edf-5ca8-412f-a38c-1f9ec579b6da","2026-03-26T13:46:17+00:00","1","100","31","100","2026-03-26T13:46:30.166745+00:00"
"46e5d0b8-c368-48fd-97c5-3a8ef9768456","b07c5edf-5ca8-412f-a38c-1f9ec579b6da","2026-03-26T14:31:05+00:00","2","100","31","100","2026-03-26T14:31:19.551043+00:00"
"b16e65de-d5ad-4d67-996f-d01f1a1893a6","b07c5edf-5ca8-412f-a38c-1f9ec579b6da","2026-03-27T04:13:12+00:00","3","100","1","100","2026-03-27T04:13:24.36343+00:00"
"de0845fd-10bc-4925-84af-8e3861389548","b07c5edf-5ca8-412f-a38c-1f9ec579b6da","2026-03-27T06:00:09+00:00","6","100","2","100","2026-03-27T06:00:23.142828+00:00"
"e4bb664f-95cf-4388-b29b-8c6fd6cc2820","b07c5edf-5ca8-412f-a38c-1f9ec579b6da","2026-03-27T09:43:49+00:00","3","100","3","100","2026-03-27T09:44:02.047654+00:00"
"fcc57465-fe94-4a64-89d2-79b844d51fc1","b07c5edf-5ca8-412f-a38c-1f9ec579b6da","2026-03-27T12:21:38+00:00","4","100","3","100","2026-03-27T12:21:50.720936+00:00"
"a6653664-0f24-4949-9fcb-12a6e2c3a3c0","b07c5edf-5ca8-412f-a38c-1f9ec579b6da","2026-03-27T16:37:42+00:00","2","100","4","100","2026-03-27T16:37:54.177861+00:00"
"0d499022-41b1-461e-b3e7-924d4bdabf03","b07c5edf-5ca8-412f-a38c-1f9ec579b6da","2026-03-27T17:59:36+00:00","2","100","4","100","2026-03-27T17:59:47.191869+00:00"
"140cc0b0-d16a-4469-80c3-b82d4c7eee6c","b07c5edf-5ca8-412f-a38c-1f9ec579b6da","2026-04-02T08:13:06+00:00","2","100","6","100","2026-04-02T08:13:19.211834+00:00"
"3a488d7b-aac8-4482-acd3-2a89d47d7d5a","b07c5edf-5ca8-412f-a38c-1f9ec579b6da","2026-04-02T18:37:59+00:00","3","100","8","100","2026-04-02T18:38:10.732576+00:00"
"bb2528c2-8e68-48f4-a025-d1a18c8b14ac","b07c5edf-5ca8-412f-a38c-1f9ec579b6da","2026-04-03T12:30:50+00:00","3","100","10","100","2026-04-03T12:31:06.146585+00:00"
"3ec89fa1-4a56-4af4-b858-1c67c6a3a229","b07c5edf-5ca8-412f-a38c-1f9ec579b6da","2026-04-03T15:04:36+00:00","9","100","12","100","2026-04-03T15:04:50.288262+00:00"
"ccaa52ca-df2b-4a42-8c7f-ab0c74ec6062","b07c5edf-5ca8-412f-a38c-1f9ec579b6da","2026-04-03T16:00:20+00:00","2","100","13","100","2026-04-03T16:00:34.966651+00:00"
"c047ba8c-3ead-4938-b726-8b53620f2445","b07c5edf-5ca8-412f-a38c-1f9ec579b6da","2026-04-03T16:28:18+00:00","6","100","15","100","2026-04-03T16:28:30.173737+00:00"
"7ed49a89-2746-472a-b476-0838506e6efd","b07c5edf-5ca8-412f-a38c-1f9ec579b6da","2026-04-03T16:54:26+00:00","9","100","15","100","2026-04-03T16:54:39.401037+00:00"
"a33c9923-8bd4-4e05-9b50-4cdaa003dca2","b07c5edf-5ca8-412f-a38c-1f9ec579b6da","2026-04-03T16:59:29+00:00","10","100","16","100","2026-04-03T16:59:39.875046+00:00"
"90090375-0a0b-484e-ac1a-6bcd7ebb39a9","b07c5edf-5ca8-412f-a38c-1f9ec579b6da","2026-04-03T17:26:47+00:00","12","100","16","100","2026-04-03T17:27:00.406345+00:00"
"5255377b-e169-4953-a064-2c45a6970173","b07c5edf-5ca8-412f-a38c-1f9ec579b6da","2026-04-03T17:37:30+00:00","14","100","17","100","2026-04-03T17:37:41.808202+00:00"
"57770f55-655c-41d0-9459-be54b0e21607","b07c5edf-5ca8-412f-a38c-1f9ec579b6da","2026-04-03T17:45:05+00:00","16","100","18","100","2026-04-03T17:45:20.213178+00:00"
"06d79eda-89d3-44d6-9b33-89df53ca2e9a","b07c5edf-5ca8-412f-a38c-1f9ec579b6da","2026-04-03T18:10:19+00:00","20","100","19","100","2026-04-03T18:10:30.930884+00:00"
"3289bc7f-7333-4c20-afb4-9a16cf651bc2","b07c5edf-5ca8-412f-a38c-1f9ec579b6da","2026-04-03T18:18:10+00:00","21","100","19","100","2026-04-03T18:18:21.555548+00:00"
"5869bbac-765f-4c4e-a27e-4e081ed25c15","b07c5edf-5ca8-412f-a38c-1f9ec579b6da","2026-04-03T18:25:13+00:00","22","100","19","100","2026-04-03T18:25:25.601056+00:00"
"fda2e37d-7993-4562-9bda-cb2e0295b0e7","b07c5edf-5ca8-412f-a38c-1f9ec579b6da","2026-04-03T18:28:13+00:00","23","100","20","100","2026-04-03T18:28:24.62351+00:00"
"3c9269b9-c832-4764-ac49-38acc55b8dfe","b07c5edf-5ca8-412f-a38c-1f9ec579b6da","2026-04-03T18:50:10+00:00","27","100","21","100","2026-04-03T18:50:30.399633+00:00"
"6f454bc3-329d-4ed8-ae8e-367b5964f3e2","b07c5edf-5ca8-412f-a38c-1f9ec579b6da","2026-04-03T18:56:37+00:00","29","100","21","100","2026-04-03T18:56:48.375834+00:00"
"c7e3c3d7-43f3-405f-873c-c06bb4c5bc09","b07c5edf-5ca8-412f-a38c-1f9ec579b6da","2026-04-03T19:01:11+00:00","31","100","22","100","2026-04-03T19:01:23.576336+00:00"
"52f06c49-873e-422f-8ae3-2167eb5d971e","b07c5edf-5ca8-412f-a38c-1f9ec579b6da","2026-04-03T19:31:25+00:00","32","100","22","100","2026-04-03T19:31:38.340943+00:00"
"fc216353-06ef-4cbc-ad87-3a079e24395e","b07c5edf-5ca8-412f-a38c-1f9ec579b6da","2026-04-03T19:38:34+00:00","33","100","23","100","2026-04-03T19:38:47.01672+00:00"
"0494fe43-1c00-44ab-90f0-71a9f0c5b510","b07c5edf-5ca8-412f-a38c-1f9ec579b6da","2026-04-03T19:52:20+00:00","34","100","23","100","2026-04-03T19:52:33.239341+00:00"
"4ff60ce0-ff7a-42a7-8d35-128a69f7b2af","b07c5edf-5ca8-412f-a38c-1f9ec579b6da","2026-04-03T20:00:19+00:00","35","100","23","100","2026-04-03T20:00:36.012324+00:00"
"a53470fc-264f-4033-824f-a0d6cdb40276","b07c5edf-5ca8-412f-a38c-1f9ec579b6da","2026-04-03T21:04:07+00:00","1","100","24","100","2026-04-03T21:04:20.032339+00:00"
"b9996e6d-9497-4726-9712-9aa2229aa090","b07c5edf-5ca8-412f-a38c-1f9ec579b6da","2026-04-04T03:56:33+00:00","2","100","25","100","2026-04-04T03:56:46.88803+00:00"
"3f154be8-e337-4edb-9862-6caa8677a034","b07c5edf-5ca8-412f-a38c-1f9ec579b6da","2026-04-04T08:16:41+00:00","0","100","25","100","2026-04-04T08:16:55.704748+00:00"
"3c621991-489b-4acf-befc-493657e58858","b07c5edf-5ca8-412f-a38c-1f9ec579b6da","2026-04-04T08:26:23+00:00","1","100","26","100","2026-04-04T08:26:37.240898+00:00"
"82d6cbc8-82bf-4c97-a6da-8ae817f01114","b07c5edf-5ca8-412f-a38c-1f9ec579b6da","2026-04-04T08:35:41+00:00","2","100","26","100","2026-04-04T08:35:54.516096+00:00"
"bf116fc9-37f2-4375-b6a2-c1655977be35","b07c5edf-5ca8-412f-a38c-1f9ec579b6da","2026-04-04T09:11:23+00:00","3","100","26","100","2026-04-04T09:11:36.877813+00:00"
"87035b9a-397f-4363-bf04-4945c6b7a8da","b07c5edf-5ca8-412f-a38c-1f9ec579b6da","2026-04-04T09:21:37+00:00","5","100","27","100","2026-04-04T09:21:51.724445+00:00"
"4a8a725e-e755-4603-b5af-92fa8bb7940a","b07c5edf-5ca8-412f-a38c-1f9ec579b6da","2026-04-04T09:34:30+00:00","6","100","27","100","2026-04-04T09:34:46.105883+00:00"
"b936f55e-a5b2-4908-8051-89b463cc1ae5","b07c5edf-5ca8-412f-a38c-1f9ec579b6da","2026-04-04T09:39:15+00:00","7","100","27","100","2026-04-04T09:39:27.153232+00:00"
"bd400796-4eb9-4299-af46-47c3a3300f03","b07c5edf-5ca8-412f-a38c-1f9ec579b6da","2026-04-04T09:54:05+00:00","9","100","28","100","2026-04-04T09:54:19.00781+00:00"
"290ac054-e42c-4e02-9020-ab0ff4d01de7","b07c5edf-5ca8-412f-a38c-1f9ec579b6da","2026-04-04T10:04:34+00:00","10","100","28","100","2026-04-04T10:04:47.351938+00:00"
"a34ec07c-7c5b-4719-9e72-cdefed36f8ac","b07c5edf-5ca8-412f-a38c-1f9ec579b6da","2026-04-04T10:16:14+00:00","11","100","29","100","2026-04-04T10:16:31.937394+00:00"
"c3c33ca4-e88f-4104-8b98-c3e82dba742b","b07c5edf-5ca8-412f-a38c-1f9ec579b6da","2026-04-04T10:33:54+00:00","12","100","29","100","2026-04-04T10:34:07.23122+00:00"
"5ef3d383-c98f-4e3a-ad86-6833c67dad47","b07c5edf-5ca8-412f-a38c-1f9ec579b6da","2026-04-04T10:51:09+00:00","15","100","30","100","2026-04-04T10:51:22.55649+00:00"
"d0165ce7-03cc-4b77-9cb7-d3e8c3acb48d","b07c5edf-5ca8-412f-a38c-1f9ec579b6da","2026-04-04T12:22:14+00:00","20","100","31","100","2026-04-04T12:22:29.169991+00:00"
"6e253275-94c4-4c58-9bdf-d57c5ed494af","b07c5edf-5ca8-412f-a38c-1f9ec579b6da","2026-04-04T12:30:58+00:00","21","100","32","100","2026-04-04T12:31:11.883546+00:00"
"c5633f00-823b-44a1-ac2e-28c3cd54d321","b07c5edf-5ca8-412f-a38c-1f9ec579b6da","2026-04-04T13:49:04+00:00","0","100","32","100","2026-04-04T13:49:18.855304+00:00"
"27296e37-a09f-4094-b852-f0ad764738e0","b07c5edf-5ca8-412f-a38c-1f9ec579b6da","2026-04-04T14:24:18+00:00","1","100","32","100","2026-04-04T14:24:32.857426+00:00"
"f655d298-e93e-4429-835e-02cd22209740","b07c5edf-5ca8-412f-a38c-1f9ec579b6da","2026-04-04T14:40:36+00:00","2","100","32","100","2026-04-04T14:40:53.397335+00:00"
"9eed43bb-df20-4019-91de-6f1520f29e16","b07c5edf-5ca8-412f-a38c-1f9ec579b6da","2026-04-04T15:32:04+00:00","4","100","33","100","2026-04-04T15:32:17.946097+00:00"
"39694fae-02cf-472a-bd00-7782be127f8d","b07c5edf-5ca8-412f-a38c-1f9ec579b6da","2026-04-04T17:00:15+00:00","5","100","33","100","2026-04-04T17:00:28.969694+00:00"
"6dcd39c2-acf7-4229-862b-86aba31cbc58","b07c5edf-5ca8-412f-a38c-1f9ec579b6da","2026-04-05T03:29:30+00:00","0","100","33","100","2026-04-05T03:29:43.939362+00:00"
"d5cd1e4f-707a-44f3-bc9e-ade410a90d6f","b07c5edf-5ca8-412f-a38c-1f9ec579b6da","2026-04-05T14:12:24+00:00","16","100","38","100","2026-04-05T14:12:39.390349+00:00"
"43a22dac-42ec-4613-98d4-71d7d8781775","b07c5edf-5ca8-412f-a38c-1f9ec579b6da","2026-04-05T16:39:36+00:00","0","100","38","100","2026-04-05T16:39:50.115949+00:00"
"4228c82b-974b-4ede-9b96-55b215da307a","b07c5edf-5ca8-412f-a38c-1f9ec579b6da","2026-04-05T19:19:59+00:00","1","100","38","100","2026-04-05T19:20:12.222105+00:00"
"5c93031f-a299-445a-b142-6e7d69898670","b07c5edf-5ca8-412f-a38c-1f9ec579b6da","2026-04-06T05:51:41+00:00","7","100","41","100","2026-04-06T05:51:58.749358+00:00"
"fb17b446-55ee-4f3f-892a-8a8ba8705574","b07c5edf-5ca8-412f-a38c-1f9ec579b6da","2026-04-07T14:38:00+00:00","4","100","48","100","2026-04-07T14:38:14.468188+00:00"
"23269c20-0600-4062-95cc-140be80f8fc5","b07c5edf-5ca8-412f-a38c-1f9ec579b6da","2026-04-08T05:55:31+00:00","0","100","0","100","2026-04-08T05:55:46.253688+00:00"
"662daa39-b64d-480f-95d4-c11b248b6f72","b07c5edf-5ca8-412f-a38c-1f9ec579b6da","2026-04-08T06:33:05+00:00","1","100","0","100","2026-04-08T06:33:22.886627+00:00"
"a4ed7a84-e639-44a4-ab5f-43c65a2a872c","b07c5edf-5ca8-412f-a38c-1f9ec579b6da","2026-04-08T09:29:36+00:00","2","100","1","100","2026-04-08T09:29:50.979339+00:00"
"865906e5-f1bf-4b61-8c5a-4b5c1cd0b01d","b07c5edf-5ca8-412f-a38c-1f9ec579b6da","2026-04-08T09:30:17+00:00","2","100","1","100","2026-04-08T09:30:49.837331+00:00"
"6322bfe8-58cc-45f2-9834-2119992756b4","b07c5edf-5ca8-412f-a38c-1f9ec579b6da","2026-04-08T09:40:10+00:00","2","100","1","100","2026-04-08T09:40:11.249281+00:00"
"a392dea2-a8fe-4d14-a2c2-8e0e148c16c7","b07c5edf-5ca8-412f-a38c-1f9ec579b6da","2026-04-08T09:42:10+00:00","2","100","1","100","2026-04-08T09:42:11.398907+00:00"
"f52b6752-252e-4177-b206-36b87777de55","b07c5edf-5ca8-412f-a38c-1f9ec579b6da","2026-04-08T09:45:16+00:00","2","100","1","100","2026-04-08T09:45:17.418651+00:00"
"7f2ab97e-2408-4c34-baa4-189301235637","b07c5edf-5ca8-412f-a38c-1f9ec579b6da","2026-04-08T09:50:37+00:00","2","100","1","100","2026-04-08T09:50:37.678042+00:00"
"e012a938-0a10-489f-a68c-1352be1dfb29","b07c5edf-5ca8-412f-a38c-1f9ec579b6da","2026-04-08T10:00:37+00:00","2","100","1","100","2026-04-08T10:00:38.27641+00:00"
"1dcfca62-e7b5-4e6a-8e80-bf173eadcde6","b07c5edf-5ca8-412f-a38c-1f9ec579b6da","2026-04-08T11:00:36+00:00","2","100","1","100","2026-04-08T11:00:38.419603+00:00"
"377b3dbe-ade8-4e84-bc5d-25b65224113e","b07c5edf-5ca8-412f-a38c-1f9ec579b6da","2026-04-08T12:00:36+00:00","2","100","1","100","2026-04-08T12:00:38.423553+00:00"
"daf11550-502c-47e8-a4a9-ed8206dacc30","b07c5edf-5ca8-412f-a38c-1f9ec579b6da","2026-04-08T13:00:36+00:00","2","100","1","100","2026-04-08T13:00:38.238211+00:00"
"d9fdfd86-6341-4aba-85cb-0b86b62e1afe","b07c5edf-5ca8-412f-a38c-1f9ec579b6da","2026-04-08T14:00:36+00:00","2","100","1","100","2026-04-08T14:00:38.343463+00:00"
"e6909d40-561f-414a-9485-cd86d1a17675","b07c5edf-5ca8-412f-a38c-1f9ec579b6da","2026-04-08T15:00:36+00:00","2","100","1","100","2026-04-08T15:00:38.088568+00:00"
"2b3e9715-7c27-4353-b86c-98b7ee83ed08","b07c5edf-5ca8-412f-a38c-1f9ec579b6da","2026-04-08T15:33:48+00:00","2","100","1","100","2026-04-08T15:33:48.330504+00:00"
"57696d0f-0a4e-4f6f-9f25-17cfe1b4020b","b07c5edf-5ca8-412f-a38c-1f9ec579b6da","2026-04-08T15:35:37+00:00","2","100","1","100","2026-04-08T15:35:37.446082+00:00"
"777883f0-b385-42b6-b6d3-da6cffaa1364","b07c5edf-5ca8-412f-a38c-1f9ec579b6da","2026-04-08T15:37:00+00:00","7","100","3","100","2026-04-08T15:37:00.431899+00:00"
"9dc607cf-8384-44ce-b66e-291127bb82e6","b07c5edf-5ca8-412f-a38c-1f9ec579b6da","2026-04-08T15:40:37+00:00","7","100","3","100","2026-04-08T15:40:37.440471+00:00"
"9e54e033-e4ec-44ff-a368-d46c6b6fc60a","b07c5edf-5ca8-412f-a38c-1f9ec579b6da","2026-04-08T15:45:35+00:00","7","100","3","100","2026-04-08T15:45:35.29869+00:00"
"ce8c9e6b-d3b2-46c2-ae08-412dc8c9cf82","b07c5edf-5ca8-412f-a38c-1f9ec579b6da","2026-04-08T15:50:36+00:00","7","100","3","100","2026-04-08T15:50:37.168325+00:00"
"6875e45f-8fa7-4172-a1fe-070d36b493a5","b07c5edf-5ca8-412f-a38c-1f9ec579b6da","2026-04-08T15:55:29+00:00","7","100","3","100","2026-04-08T15:55:29.262432+00:00"
"3f52d8f2-597a-4789-b251-a558aea1f015","b07c5edf-5ca8-412f-a38c-1f9ec579b6da","2026-04-08T15:57:20+00:00","9","100","3","100","2026-04-08T15:57:21.079168+00:00"
"cd2bc719-c857-4f3e-9166-ad86c1dc8b5c","b07c5edf-5ca8-412f-a38c-1f9ec579b6da","2026-04-08T16:00:42+00:00","9","100","3","100","2026-04-08T16:00:43.543576+00:00"
"335c73d6-386e-4b24-9da8-670be2362ebd","b07c5edf-5ca8-412f-a38c-1f9ec579b6da","2026-04-08T16:05:35+00:00","9","100","3","100","2026-04-08T16:05:36.623669+00:00"
"bf13c170-a95a-4f61-9afd-0dfc313a4da7","b07c5edf-5ca8-412f-a38c-1f9ec579b6da","2026-04-08T16:10:41+00:00","9","100","3","100","2026-04-08T16:10:42.26494+00:00"
"e9add6a2-0357-4eef-a044-158daf7b4d81","b07c5edf-5ca8-412f-a38c-1f9ec579b6da","2026-04-08T16:15:41+00:00","9","100","4","100","2026-04-08T16:15:42.217148+00:00"
"4a5b7441-dd00-4cc1-80eb-215c4ffec91c","b07c5edf-5ca8-412f-a38c-1f9ec579b6da","2026-04-08T16:20:45+00:00","10","100","4","100","2026-04-08T16:20:45.799164+00:00"
"c50db774-da74-4319-a3a3-010b39e332e7","b07c5edf-5ca8-412f-a38c-1f9ec579b6da","2026-04-08T16:25:42+00:00","10","100","4","100","2026-04-08T16:25:42.663762+00:00"
"94ade643-8e7a-49d0-b3bd-114668d5632f","b07c5edf-5ca8-412f-a38c-1f9ec579b6da","2026-04-08T16:30:42+00:00","11","100","4","100","2026-04-08T16:30:42.675261+00:00"
"af800b0e-6be2-47ea-886d-c0c7234f7b3f","b07c5edf-5ca8-412f-a38c-1f9ec579b6da","2026-04-08T16:35:42+00:00","0","100","4","100","2026-04-08T16:35:43.463253+00:00"
"0b844238-5982-4121-981c-93c508206bd5","b07c5edf-5ca8-412f-a38c-1f9ec579b6da","2026-04-08T16:40:42+00:00","1","100","4","100","2026-04-08T16:40:42.542106+00:00"
"08b9379e-e9e3-46c2-aa3b-6908e626b432","b07c5edf-5ca8-412f-a38c-1f9ec579b6da","2026-04-08T16:45:42+00:00","1","100","4","100","2026-04-08T16:45:42.679104+00:00"
"e85fb0b9-8537-4ed3-8cd9-000c1e87d7e6","b07c5edf-5ca8-412f-a38c-1f9ec579b6da","2026-04-08T16:50:42+00:00","1","100","4","100","2026-04-08T16:50:42.780908+00:00"
"afbc9b41-e280-41cb-97a0-606bb6cd1e2d","b07c5edf-5ca8-412f-a38c-1f9ec579b6da","2026-04-08T16:55:42+00:00","1","100","4","100","2026-04-08T16:55:43.342766+00:00"
"b1ecd569-d2be-4194-b160-2a56a0484171","b07c5edf-5ca8-412f-a38c-1f9ec579b6da","2026-04-08T17:00:42+00:00","1","100","4","100","2026-04-08T17:00:43.340721+00:00"
"8c9cf48b-6a36-4b60-9e9c-e9e2b09faa00","b07c5edf-5ca8-412f-a38c-1f9ec579b6da","2026-04-08T17:05:41+00:00","2","100","5","100","2026-04-08T17:05:42.260804+00:00"
"9abafb12-6748-4ee4-971b-7769f3d1c5af","b07c5edf-5ca8-412f-a38c-1f9ec579b6da","2026-04-08T17:10:42+00:00","3","100","5","100","2026-04-08T17:10:43.263964+00:00"